{"type":"FeatureCollection","features":[{"type":"Feature","id":1057652,"geometry":{"type":"Polygon","coordinates":[[[-92.01721,46.85375],[-92.01716,46.85376],[-92.01689,46.85384],[-92.0167,46.85391],[-92.01667,46.85396],[-92.01678,46.85399],[-92.01678,46.85399],[-92.01706,46.85397],[-92.0174,46.85391],[-92.01747,46.85386],[-92.01746,46.85382],[-92.01738,46.85377],[-92.01722,46.85375],[-92.01721,46.85375]]]},"properties":{"objectid":1057652,"attribute":"PUBHx","wetland_type":"Freshwater Pond","acres":0.23955070000000001,"hgm_code":"TEPDVR","hgm_desc":"Terrene Pond Vertical","spcc_desc":"Non-Vegetated Aquatic Community","cow_class1":"UB","circ39_class":5,"hgm_symbol":"Depression","Shape__Area":969.42730054953904,"Shape__Length":139.30002725652275}},{"type":"Feature","id":1088243,"geometry":{"type":"Polygon","coordinates":[[[-92.01143,46.86596],[-92.01137,46.86597],[-92.01134,46.866],[-92.01134,46.86604],[-92.01139,46.86611],[-92.01142,46.86618],[-92.01139,46.8663],[-92.01142,46.86638],[-92.01143,46.86639],[-92.01152,46.86638],[-92.01162,46.86634],[-92.01166,46.86631],[-92.01177,46.86629],[-92.01183,46.86622],[-92.01185,46.86615],[-92.01184,46.866],[-92.01181,46.86597],[-92.01176,46.86596],[-92.01165,46.86595],[-92.01143,46.86596]]]},"properties":{"objectid":1088243,"attribute":"PUBHx","wetland_type":"Freshwater Pond","acres":0.35730687999999999,"hgm_code":"TEPDVR","hgm_desc":"Terrene Pond Vertical","spcc_desc":"Non-Vegetated Aquatic Community","cow_class1":"UB","circ39_class":5,"hgm_symbol":"Depression","Shape__Area":1445.9696452595888,"Shape__Length":150.07998609467708}},{"type":"Feature","id":1087434,"geometry":{"type":"Polygon","coordinates":[[[-92.01176,46.86596],[-92.01181,46.86597],[-92.01184,46.866],[-92.01185,46.86615],[-92.01183,46.86622],[-92.01177,46.86629],[-92.01166,46.86631],[-92.01162,46.86634],[-92.01152,46.86638],[-92.01143,46.86639],[-92.01151,46.86644],[-92.01171,46.86648],[-92.01171,46.86648],[-92.01179,46.86647],[-92.01182,46.86644],[-92.0119,46.86631],[-92.01192,46.86612],[-92.0119,46.86598],[-92.01186,46.86591],[-92.01175,46.8659],[-92.01174,46.8659],[-92.0114,46.86591],[-92.0113,46.86593],[-92.01127,46.86596],[-92.01124,46.86607],[-92.0113,46.86626],[-92.01135,46.86636],[-92.01142,46.86638],[-92.01139,46.8663],[-92.01142,46.86618],[-92.01139,46.86611],[-92.01134,46.86604],[-92.01134,46.866],[-92.01137,46.86597],[-92.01143,46.86596],[-92.01165,46.86595],[-92.01176,46.86596]]]},"properties":{"objectid":1087434,"attribute":"PEM1C","wetland_type":"Freshwater Emergent Wetland","acres":0.31080976000000005,"hgm_code":"TEBAVR","hgm_desc":"Terrene Basin Vertical","spcc_desc":"Shallow Marsh","cow_class1":"EM1","circ39_class":3,"hgm_symbol":"Depression","Shape__Area":1257.8024666899987,"Shape__Length":342.25227702627564}},{"type":"Feature","id":1088111,"geometry":{"type":"Polygon","coordinates":[[[-92.01907,46.86575],[-92.01892,46.86579],[-92.01888,46.86581],[-92.01875,46.86602],[-92.01875,46.8661],[-92.01876,46.86612],[-92.01876,46.86612],[-92.01893,46.86607],[-92.01914,46.86598],[-92.01924,46.86591],[-92.01928,46.86584],[-92.01929,46.8658],[-92.0192,46.86576],[-92.01908,46.86575],[-92.01907,46.86575]]]},"properties":{"objectid":1088111,"attribute":"PUBF","wetland_type":"Freshwater Pond","acres":0.24025725000000003,"hgm_code":"TEPDVR","hgm_desc":"Terrene Pond Vertical","spcc_desc":"Non-Vegetated Aquatic Community","cow_class1":"UB","circ39_class":4,"hgm_symbol":"Depression","Shape__Area":972.28661150800292,"Shape__Length":126.86163417571113}},{"type":"Feature","id":1057553,"geometry":{"type":"Polygon","coordinates":[[[-92.03511,46.86074],[-92.03516,46.86072],[-92.03522,46.86065],[-92.03537,46.86054],[-92.03528,46.86036],[-92.03527,46.86024],[-92.0352,46.86012],[-92.03514,46.86006],[-92.035,46.85999],[-92.03478,46.85997],[-92.0345,46.86003],[-92.03445,46.86021],[-92.03424,46.86037],[-92.03431,46.8605],[-92.03445,46.86058],[-92.03449,46.86058],[-92.03451,46.86058],[-92.03462,46.86061],[-92.0347,46.86067],[-92.0348,46.86069],[-92.03481,46.86069],[-92.03482,46.86067],[-92.03482,46.86067],[-92.03511,46.86074]]]},"properties":{"objectid":1057553,"attribute":"PFO1D","wetland_type":"Freshwater Forested Wetland","acres":1.2176992,"hgm_code":"LOFPTH","hgm_desc":"Lotic Floodplain Throughflow","spcc_desc":"Hardwood Wetland","cow_class1":"FO","circ39_class":7,"hgm_symbol":"Lotic","Shape__Area":4927.8538387669751,"Shape__Length":269.29884342209982}},{"type":"Feature","id":1088244,"geometry":{"type":"Polygon","coordinates":[[[-92.03274,46.86638],[-92.0327,46.86638],[-92.03245,46.86652],[-92.03248,46.86658],[-92.03257,46.86663],[-92.03261,46.86665],[-92.03261,46.86666],[-92.03266,46.86665],[-92.03271,46.86662],[-92.03278,46.86641],[-92.03275,46.86638],[-92.03274,46.86638]]]},"properties":{"objectid":1088244,"attribute":"PUBHx","wetland_type":"Freshwater Pond","acres":0.11130497000000002,"hgm_code":"TEPDVR","hgm_desc":"Terrene Pond Vertical","spcc_desc":"Non-Vegetated Aquatic Community","cow_class1":"UB","circ39_class":5,"hgm_symbol":"Depression","Shape__Area":450.43524920419787,"Shape__Length":85.606911627268119}},{"type":"Feature","id":1088358,"geometry":{"type":"Polygon","coordinates":[[[-92.09797,46.95413],[-92.09793,46.95432],[-92.09783,46.95441],[-92.09782,46.95448],[-92.09794,46.95457],[-92.09795,46.95461],[-92.09793,46.95471],[-92.09799,46.95471],[-92.09802,46.95468],[-92.09803,46.95457],[-92.098,46.95454],[-92.09789,46.95448],[-92.09789,46.95444],[-92.09801,46.95432],[-92.09809,46.95417],[-92.09815,46.95411],[-92.09814,46.95408],[-92.09808,46.95409],[-92.09803,46.95405],[-92.09797,46.95404],[-92.09782,46.95407],[-92.09752,46.95393],[-92.09741,46.9539],[-92.09736,46.9539],[-92.09725,46.95396],[-92.0972,46.95396],[-92.09708,46.95388],[-92.09707,46.95384],[-92.09714,46.9537],[-92.09715,46.95367],[-92.09712,46.95363],[-92.09704,46.95358],[-92.09695,46.95356],[-92.09685,46.95358],[-92.09672,46.9537],[-92.09663,46.95367],[-92.09657,46.95367],[-92.09648,46.95372],[-92.09637,46.95375],[-92.09632,46.95374],[-92.09629,46.95367],[-92.09633,46.95356],[-92.09626,46.95349],[-92.09611,46.95343],[-92.09589,46.9534],[-92.09579,46.9534],[-92.09575,46.95338],[-92.09574,46.9533],[-92.09571,46.95327],[-92.09566,46.95325],[-92.09554,46.95324],[-92.09551,46.95321],[-92.0955,46.95313],[-92.09541,46.95304],[-92.09537,46.95297],[-92.09537,46.95293],[-92.0954,46.9529],[-92.09559,46.95279],[-92.09562,46.95273],[-92.09564,46.9526],[-92.09562,46.95253],[-92.0956,46.95253],[-92.09539,46.95253],[-92.09514,46.95254],[-92.09487,46.95255],[-92.09483,46.95253],[-92.09467,46.95243],[-92.09469,46.95233],[-92.09468,46.95229],[-92.09463,46.95227],[-92.09458,46.95228],[-92.0945,46.9523],[-92.09446,46.95228],[-92.09443,46.95217],[-92.09439,46.9521],[-92.09431,46.95205],[-92.09421,46.95204],[-92.09417,46.95202],[-92.09415,46.95198],[-92.09417,46.95185],[-92.09415,46.95182],[-92.0941,46.95181],[-92.09386,46.95189],[-92.0938,46.95189],[-92.09376,46.95187],[-92.09377,46.9518],[-92.09382,46.95174],[-92.09381,46.95168],[-92.09377,46.95165],[-92.09378,46.95161],[-92.09393,46.95158],[-92.09397,46.95155],[-92.09401,46.95144],[-92.0941,46.95135],[-92.09411,46.9513],[-92.09403,46.95121],[-92.0937,46.95106],[-92.09352,46.95104],[-92.09336,46.95106],[-92.0933,46.95111],[-92.09327,46.95123],[-92.09321,46.95125],[-92.09305,46.95123],[-92.093,46.95122],[-92.09297,46.95119],[-92.09295,46.95116],[-92.09297,46.95109],[-92.0931,46.95098],[-92.09311,46.95094],[-92.09303,46.95084],[-92.0929,46.95078],[-92.09292,46.95073],[-92.09311,46.95067],[-92.09318,46.95062],[-92.0932,46.95058],[-92.09317,46.95051],[-92.09314,46.95048],[-92.09309,46.95045],[-92.09277,46.95042],[-92.09272,46.9504],[-92.09269,46.95034],[-92.09267,46.95018],[-92.09261,46.95008],[-92.09261,46.95005],[-92.09264,46.95001],[-92.09274,46.94998],[-92.0928,46.94992],[-92.09273,46.94985],[-92.0926,46.94979],[-92.09263,46.94976],[-92.09283,46.94972],[-92.09286,46.94969],[-92.09285,46.94959],[-92.09291,46.94934],[-92.09288,46.94931],[-92.09267,46.94931],[-92.09265,46.94926],[-92.09261,46.94924],[-92.0925,46.94926],[-92.09243,46.94939],[-92.09236,46.94944],[-92.09228,46.94939],[-92.09229,46.94927],[-92.09233,46.94916],[-92.09231,46.94909],[-92.09254,46.94896],[-92.09258,46.94891],[-92.09259,46.94884],[-92.09257,46.94877],[-92.0925,46.94871],[-92.09234,46.94871],[-92.09225,46.94874],[-92.09214,46.94885],[-92.09209,46.94886],[-92.09204,46.94884],[-92.09202,46.94877],[-92.09206,46.9487],[-92.09217,46.94861],[-92.09217,46.94855],[-92.09207,46.94852],[-92.09186,46.94856],[-92.0918,46.94856],[-92.09178,46.94852],[-92.0918,46.9484],[-92.09177,46.94833],[-92.09172,46.94829],[-92.09167,46.94828],[-92.09153,46.94833],[-92.09149,46.94836],[-92.09139,46.94849],[-92.09135,46.94851],[-92.0913,46.94851],[-92.0913,46.94829],[-92.09127,46.94822],[-92.09117,46.94808],[-92.09097,46.94787],[-92.09091,46.94773],[-92.0907,46.9474],[-92.0907,46.9474],[-92.09069,46.94738],[-92.09048,46.9473],[-92.0902,46.94729],[-92.0902,46.94729],[-92.0901,46.94732],[-92.08983,46.94754],[-92.08972,46.94762],[-92.08962,46.94764],[-92.08951,46.94765],[-92.08933,46.94764],[-92.08922,46.94762],[-92.08918,46.94759],[-92.08917,46.94755],[-92.0893,46.9473],[-92.08928,46.94723],[-92.08921,46.94717],[-92.08908,46.94713],[-92.08888,46.94714],[-92.08883,46.94712],[-92.08875,46.94707],[-92.08871,46.947],[-92.0884,46.94693],[-92.08835,46.94693],[-92.08828,46.94699],[-92.08828,46.9471],[-92.08823,46.94711],[-92.08818,46.9471],[-92.08813,46.94701],[-92.08826,46.94672],[-92.08827,46.94668],[-92.08824,46.9466],[-92.0883,46.94656],[-92.08835,46.94655],[-92.0885,46.9466],[-92.0886,46.94657],[-92.08859,46.9465],[-92.08854,46.94643],[-92.08838,46.94628],[-92.0883,46.94623],[-92.0882,46.94622],[-92.08798,46.94624],[-92.08777,46.94631],[-92.08758,46.94633],[-92.08748,46.94632],[-92.0874,46.94631],[-92.08736,46.94629],[-92.08732,46.94618],[-92.08723,46.94608],[-92.08717,46.94605],[-92.08708,46.94605],[-92.08685,46.94615],[-92.08674,46.94615],[-92.08668,46.94608],[-92.08656,46.946],[-92.08654,46.94597],[-92.08656,46.9459],[-92.08661,46.94587],[-92.08677,46.9459],[-92.08687,46.9459],[-92.08699,46.94583],[-92.08701,46.94579],[-92.08686,46.94558],[-92.08686,46.94554],[-92.087,46.94534],[-92.08701,46.94526],[-92.08698,46.94504],[-92.08685,46.94492],[-92.0868,46.9449],[-92.08669,46.9449],[-92.08668,46.9449],[-92.08648,46.94488],[-92.08644,46.94485],[-92.08643,46.94482],[-92.08647,46.94473],[-92.08646,46.94466],[-92.08637,46.94457],[-92.086,46.94442],[-92.08585,46.94431],[-92.08583,46.94425],[-92.08575,46.94423],[-92.08574,46.94423],[-92.08559,46.94424],[-92.0855,46.94428],[-92.0854,46.94442],[-92.08531,46.9445],[-92.08524,46.94461],[-92.0852,46.94463],[-92.08491,46.94464],[-92.08457,46.94468],[-92.08457,46.94468],[-92.08441,46.94465],[-92.08432,46.9446],[-92.08419,46.94443],[-92.08399,46.9443],[-92.08383,46.94429],[-92.08383,46.94429],[-92.08337,46.9444],[-92.08336,46.9444],[-92.08326,46.94439],[-92.08317,46.94434],[-92.08298,46.94418],[-92.08265,46.94382],[-92.08257,46.94377],[-92.08241,46.94356],[-92.08228,46.94349],[-92.08221,46.94347],[-92.0822,46.94347],[-92.08215,46.94348],[-92.08213,46.94352],[-92.08208,46.94354],[-92.08203,46.94355],[-92.08203,46.94355],[-92.08199,46.94352],[-92.08192,46.94346],[-92.08191,46.94343],[-92.08196,46.94334],[-92.08194,46.94326],[-92.0819,46.94319],[-92.08138,46.94278],[-92.08102,46.94259],[-92.0809,46.94251],[-92.08077,46.94245],[-92.08063,46.94227],[-92.08062,46.94224],[-92.0807,46.94209],[-92.08075,46.94195],[-92.08076,46.94183],[-92.08072,46.94176],[-92.08064,46.94169],[-92.08054,46.94166],[-92.08048,46.94165],[-92.08047,46.94165],[-92.08043,46.94166],[-92.0803,46.94173],[-92.0802,46.94171],[-92.08014,46.94173],[-92.0801,46.94176],[-92.08002,46.94189],[-92.07992,46.94191],[-92.07986,46.9419],[-92.07971,46.94184],[-92.07961,46.94175],[-92.07948,46.94172],[-92.07938,46.94168],[-92.07932,46.94158],[-92.07932,46.94158],[-92.07923,46.94153],[-92.07922,46.94153],[-92.07907,46.94154],[-92.07882,46.94169],[-92.07877,46.9417],[-92.07852,46.94158],[-92.0784,46.94154],[-92.07827,46.94141],[-92.07823,46.94134],[-92.07818,46.94133],[-92.07814,46.94135],[-92.07805,46.94137],[-92.07802,46.94136],[-92.078,46.94135],[-92.07796,46.94133],[-92.07791,46.94132],[-92.07786,46.94124],[-92.07779,46.94119],[-92.07755,46.94108],[-92.07754,46.94108],[-92.0775,46.94108],[-92.07739,46.94111],[-92.07738,46.94111],[-92.07729,46.9411],[-92.07713,46.94101],[-92.07683,46.94067],[-92.07676,46.94056],[-92.07669,46.94053],[-92.07668,46.94053],[-92.07662,46.94058],[-92.07649,46.94074],[-92.07648,46.94074],[-92.07644,46.94074],[-92.07627,46.94066],[-92.07616,46.94063],[-92.07615,46.94064],[-92.07582,46.94065],[-92.07582,46.94065],[-92.07555,46.94043],[-92.07549,46.94041],[-92.0754,46.94031],[-92.0754,46.94024],[-92.07548,46.94013],[-92.07547,46.94011],[-92.07546,46.9401],[-92.07537,46.94],[-92.07525,46.93995],[-92.0752,46.93976],[-92.0753,46.93963],[-92.07546,46.93953],[-92.07544,46.93936],[-92.07539,46.93925],[-92.07541,46.93915],[-92.07527,46.93909],[-92.07516,46.93906],[-92.07496,46.93911],[-92.07486,46.93906],[-92.07495,46.93896],[-92.07494,46.93893],[-92.07487,46.93891],[-92.07487,46.93891],[-92.07454,46.93883],[-92.07438,46.93881],[-92.07437,46.93881],[-92.07428,46.93885],[-92.07418,46.93899],[-92.07402,46.93903],[-92.07402,46.93903],[-92.07393,46.939],[-92.07384,46.93887],[-92.07385,46.93883],[-92.07393,46.93869],[-92.07388,46.93858],[-92.07392,46.93847],[-92.07391,46.93843],[-92.07381,46.93833],[-92.07379,46.93826],[-92.07383,46.93811],[-92.07382,46.93804],[-92.07384,46.93786],[-92.07396,46.93754],[-92.07407,46.9374],[-92.07426,46.93726],[-92.07459,46.93713],[-92.07468,46.93708],[-92.07473,46.93705],[-92.07478,46.93694],[-92.07475,46.93655],[-92.07469,46.93637],[-92.07464,46.9363],[-92.07455,46.93626],[-92.07437,46.93607],[-92.07428,46.93602],[-92.07421,46.93592],[-92.07422,46.93588],[-92.07428,46.93581],[-92.07438,46.93576],[-92.07439,46.93572],[-92.07436,46.93561],[-92.07432,46.93558],[-92.07422,46.93556],[-92.0742,46.93553],[-92.07421,46.93543],[-92.07426,46.93532],[-92.07429,46.9352],[-92.07428,46.93509],[-92.07425,46.935],[-92.07413,46.93487],[-92.07403,46.93465],[-92.074,46.93454],[-92.07402,46.93421],[-92.0739,46.93403],[-92.07386,46.934],[-92.07377,46.93395],[-92.07366,46.93395],[-92.07366,46.93395],[-92.07349,46.93402],[-92.07328,46.93415],[-92.07317,46.93416],[-92.07317,46.93416],[-92.07299,46.93406],[-92.07283,46.93403],[-92.07267,46.93397],[-92.07259,46.93392],[-92.07247,46.93378],[-92.07233,46.9337],[-92.07198,46.93362],[-92.07181,46.93361],[-92.0716,46.93356],[-92.07153,46.9335],[-92.07138,46.93332],[-92.07133,46.93303],[-92.07115,46.93288],[-92.07113,46.93284],[-92.07109,46.93281],[-92.07103,46.93271],[-92.07095,46.93265],[-92.07079,46.93257],[-92.07048,46.9325],[-92.07025,46.93239],[-92.06984,46.93227],[-92.06963,46.93224],[-92.06933,46.93222],[-92.06932,46.93222],[-92.06914,46.93222],[-92.06887,46.93225],[-92.06875,46.93229],[-92.06863,46.93238],[-92.06855,46.93248],[-92.0685,46.93263],[-92.06846,46.93265],[-92.06845,46.93265],[-92.06819,46.93264],[-92.06819,46.93264],[-92.06804,46.93268],[-92.06804,46.93268],[-92.068,46.93266],[-92.068,46.93262],[-92.06775,46.93245],[-92.06764,46.93236],[-92.06746,46.93221],[-92.06733,46.93206],[-92.06717,46.93192],[-92.06702,46.93182],[-92.06691,46.93176],[-92.06687,46.93175],[-92.06667,46.93168],[-92.06664,46.93167],[-92.06606,46.93154],[-92.06596,46.93149],[-92.06593,46.93146],[-92.06608,46.9312],[-92.06611,46.93107],[-92.06614,46.93076],[-92.06612,46.93051],[-92.06607,46.9304],[-92.06597,46.9303],[-92.06589,46.93026],[-92.06587,46.93024],[-92.06553,46.93011],[-92.06543,46.93004],[-92.06505,46.9299],[-92.06464,46.9297],[-92.06407,46.92964],[-92.06374,46.92952],[-92.06309,46.92946],[-92.06276,46.92937],[-92.06271,46.92935],[-92.06264,46.92929],[-92.06239,46.92888],[-92.06223,46.92875],[-92.06211,46.92868],[-92.06197,46.92867],[-92.06197,46.92867],[-92.06168,46.92872],[-92.06121,46.92888],[-92.0611,46.92889],[-92.0611,46.92889],[-92.06105,46.92888],[-92.06095,46.92865],[-92.06084,46.92856],[-92.06077,46.92824],[-92.06065,46.92805],[-92.06048,46.92787],[-92.06006,46.92754],[-92.0598,46.92738],[-92.05958,46.92722],[-92.0594,46.92716],[-92.05913,46.92713],[-92.05893,46.92706],[-92.05882,46.92704],[-92.05864,46.92702],[-92.05863,46.92702],[-92.05846,46.92705],[-92.05832,46.92705],[-92.05832,46.92705],[-92.05815,46.92701],[-92.05806,46.92696],[-92.05794,46.92684],[-92.05789,46.92673],[-92.05787,46.92644],[-92.0578,46.92634],[-92.05773,46.9263],[-92.05755,46.92627],[-92.05755,46.92627],[-92.05728,46.92633],[-92.05728,46.92633],[-92.05706,46.92626],[-92.05704,46.92624],[-92.05667,46.92594],[-92.05659,46.92583],[-92.0565,46.92575],[-92.05644,46.92573],[-92.05634,46.92575],[-92.05629,46.92574],[-92.05625,46.92572],[-92.05625,46.92571],[-92.05617,46.92565],[-92.05607,46.92552],[-92.05592,46.92541],[-92.05567,46.92526],[-92.05547,46.92517],[-92.05546,46.92515],[-92.0554,46.92505],[-92.05531,46.92484],[-92.05518,46.92475],[-92.05512,46.92476],[-92.05495,46.92485],[-92.05489,46.92485],[-92.05484,46.92484],[-92.0547,46.92477],[-92.05455,46.92455],[-92.05456,46.92434],[-92.05452,46.92422],[-92.0544,46.92406],[-92.05431,46.92389],[-92.05431,46.92389],[-92.05422,46.92374],[-92.0541,46.9236],[-92.05409,46.92359],[-92.05403,46.92351],[-92.05399,46.92334],[-92.05411,46.92305],[-92.0543,46.92273],[-92.05431,46.9227],[-92.05432,46.92269],[-92.05458,46.92217],[-92.05465,46.922],[-92.05467,46.92183],[-92.05465,46.92167],[-92.0546,46.92158],[-92.05431,46.92143],[-92.05407,46.9214],[-92.05383,46.92139],[-92.05382,46.92139],[-92.05349,46.92143],[-92.05317,46.92144],[-92.05317,46.92144],[-92.05309,46.92143],[-92.05298,46.92139],[-92.05273,46.92133],[-92.05254,46.9213],[-92.05253,46.9213],[-92.05245,46.92131],[-92.05219,46.92142],[-92.05194,46.92179],[-92.05186,46.92187],[-92.05174,46.92192],[-92.05157,46.92194],[-92.05152,46.92196],[-92.05094,46.92237],[-92.0508,46.92245],[-92.05054,46.92256],[-92.05019,46.92262],[-92.05017,46.92262],[-92.05003,46.92262],[-92.04993,46.92259],[-92.04966,46.92243],[-92.04956,46.92239],[-92.04947,46.92238],[-92.04927,46.9223],[-92.0492,46.92224],[-92.04919,46.9222],[-92.04923,46.92211],[-92.04921,46.92184],[-92.04915,46.92174],[-92.04907,46.92169],[-92.04883,46.92165],[-92.04759,46.92159],[-92.04706,46.92152],[-92.04693,46.92147],[-92.04683,46.92138],[-92.0467,46.921],[-92.04664,46.92092],[-92.0465,46.92085],[-92.04635,46.92068],[-92.04622,46.92057],[-92.04585,46.92038],[-92.04566,46.92034],[-92.04544,46.9203],[-92.04543,46.9203],[-92.0453,46.92031],[-92.04514,46.92036],[-92.04504,46.92043],[-92.045,46.92056],[-92.04477,46.92078],[-92.04471,46.92101],[-92.04464,46.92114],[-92.04459,46.92116],[-92.04457,46.92116],[-92.04452,46.92115],[-92.04425,46.92109],[-92.04414,46.92103],[-92.04408,46.92092],[-92.04404,46.92072],[-92.04394,46.92066],[-92.04381,46.92063],[-92.04369,46.92058],[-92.04338,46.92035],[-92.04333,46.92025],[-92.04333,46.92019],[-92.04345,46.92],[-92.04347,46.91983],[-92.04342,46.9197],[-92.04339,46.91966],[-92.04329,46.91961],[-92.04327,46.91961],[-92.04317,46.91961],[-92.04307,46.91965],[-92.04285,46.9197],[-92.04284,46.9197],[-92.04263,46.91967],[-92.04263,46.91967],[-92.04252,46.9197],[-92.04244,46.91976],[-92.04241,46.91994],[-92.04235,46.92001],[-92.0421,46.9201],[-92.0419,46.92015],[-92.04189,46.92015],[-92.04185,46.92013],[-92.04156,46.91993],[-92.04153,46.91982],[-92.04162,46.91967],[-92.04162,46.91955],[-92.04157,46.91947],[-92.0414,46.91937],[-92.04119,46.91935],[-92.04085,46.91934],[-92.04084,46.91934],[-92.04067,46.9194],[-92.04054,46.91947],[-92.0404,46.9196],[-92.04025,46.91967],[-92.03987,46.91978],[-92.03951,46.91982],[-92.03921,46.91983],[-92.03921,46.91983],[-92.03904,46.91979],[-92.03894,46.91973],[-92.03877,46.91964],[-92.03862,46.91963],[-92.03862,46.91963],[-92.0384,46.9197],[-92.03828,46.9197],[-92.03828,46.9197],[-92.03824,46.91969],[-92.03813,46.91959],[-92.03813,46.91945],[-92.03805,46.91932],[-92.03792,46.91926],[-92.03762,46.91903],[-92.0376,46.91899],[-92.03755,46.91896],[-92.03742,46.91888],[-92.03733,46.91884],[-92.03688,46.91876],[-92.03687,46.91876],[-92.03667,46.91877],[-92.03656,46.91879],[-92.03627,46.91893],[-92.03615,46.91895],[-92.03613,46.91895],[-92.03596,46.91895],[-92.03579,46.91892],[-92.03547,46.91883],[-92.03535,46.91876],[-92.03522,46.91863],[-92.03511,46.91847],[-92.03495,46.91831],[-92.03449,46.91806],[-92.03436,46.91793],[-92.03423,46.91777],[-92.03413,46.91762],[-92.03401,46.91731],[-92.0339,46.91725],[-92.03357,46.91715],[-92.03356,46.91715],[-92.03342,46.91716],[-92.03318,46.91723],[-92.03293,46.91749],[-92.0327,46.91763],[-92.03237,46.91774],[-92.0321,46.9178],[-92.0321,46.9178],[-92.03142,46.91761],[-92.03112,46.91757],[-92.03097,46.91749],[-92.03081,46.91737],[-92.03074,46.91736],[-92.03073,46.91736],[-92.03051,46.91737],[-92.03028,46.91744],[-92.03011,46.91752],[-92.03005,46.91753],[-92.03004,46.91753],[-92.02975,46.91749],[-92.02974,46.91749],[-92.02929,46.91751],[-92.02929,46.91751],[-92.02877,46.91745],[-92.02793,46.9172],[-92.02735,46.91698],[-92.02689,46.91675],[-92.02683,46.91669],[-92.02674,46.91651],[-92.02672,46.91626],[-92.02676,46.9161],[-92.02677,46.91577],[-92.02689,46.91548],[-92.02717,46.91505],[-92.02722,46.91484],[-92.02722,46.91471],[-92.02719,46.91467],[-92.02706,46.91461],[-92.02697,46.91452],[-92.02692,46.91442],[-92.02694,46.9143],[-92.02722,46.91373],[-92.02721,46.91368],[-92.02717,46.91358],[-92.02714,46.91329],[-92.02707,46.91316],[-92.02686,46.91301],[-92.02672,46.91295],[-92.02644,46.91287],[-92.02635,46.91282],[-92.02625,46.91273],[-92.02616,46.91269],[-92.02615,46.91269],[-92.02605,46.91269],[-92.02592,46.91277],[-92.02585,46.91274],[-92.02583,46.91273],[-92.02578,46.91271],[-92.02572,46.9127],[-92.02572,46.9127],[-92.02558,46.91274],[-92.02539,46.91283],[-92.02538,46.91283],[-92.02534,46.91283],[-92.02524,46.9128],[-92.02522,46.9128],[-92.02507,46.9128],[-92.02493,46.91276],[-92.02478,46.91265],[-92.02489,46.91256],[-92.02495,46.91246],[-92.02496,46.91238],[-92.02484,46.91227],[-92.02467,46.91225],[-92.02467,46.91226],[-92.02446,46.91232],[-92.0244,46.91232],[-92.02439,46.91232],[-92.02412,46.91229],[-92.02404,46.91226],[-92.02391,46.91215],[-92.0239,46.91211],[-92.02401,46.91196],[-92.024,46.91179],[-92.0239,46.91153],[-92.02383,46.91144],[-92.02373,46.91124],[-92.02364,46.91093],[-92.02357,46.91077],[-92.0235,46.91067],[-92.02323,46.91047],[-92.0232,46.91035],[-92.02327,46.91008],[-92.02326,46.90998],[-92.02319,46.90976],[-92.02318,46.90967],[-92.02322,46.90959],[-92.02344,46.90956],[-92.02368,46.90946],[-92.02376,46.90942],[-92.02387,46.90929],[-92.02388,46.90919],[-92.02369,46.90895],[-92.0235,46.90857],[-92.02337,46.90839],[-92.02302,46.90797],[-92.02282,46.90782],[-92.0225,46.90762],[-92.02243,46.90755],[-92.02241,46.90747],[-92.02244,46.9074],[-92.02277,46.90739],[-92.0229,46.90736],[-92.02295,46.90732],[-92.023,46.90724],[-92.02296,46.90708],[-92.02301,46.90702],[-92.0231,46.90699],[-92.0231,46.90698],[-92.02316,46.907],[-92.02317,46.907],[-92.02328,46.907],[-92.02343,46.90686],[-92.02349,46.90676],[-92.02357,46.90672],[-92.02367,46.90672],[-92.02369,46.90672],[-92.02395,46.90679],[-92.02398,46.90682],[-92.02401,46.90691],[-92.02409,46.90696],[-92.02444,46.90697],[-92.02445,46.90697],[-92.0247,46.90693],[-92.02489,46.90686],[-92.02542,46.90657],[-92.02555,46.90647],[-92.02573,46.90627],[-92.02592,46.90597],[-92.026,46.90573],[-92.02602,46.90556],[-92.02584,46.90531],[-92.02574,46.90513],[-92.02553,46.90498],[-92.02534,46.9049],[-92.02523,46.90489],[-92.02521,46.90489],[-92.02506,46.9049],[-92.02495,46.90492],[-92.02486,46.90496],[-92.02473,46.90507],[-92.02461,46.9051],[-92.0246,46.9051],[-92.02451,46.90509],[-92.02446,46.90501],[-92.02447,46.90481],[-92.02437,46.90468],[-92.02422,46.90461],[-92.02402,46.90457],[-92.02367,46.90442],[-92.02356,46.90439],[-92.02341,46.90436],[-92.02329,46.90435],[-92.02315,46.9043],[-92.02271,46.90402],[-92.02252,46.90395],[-92.02219,46.90381],[-92.0219,46.90372],[-92.02139,46.90355],[-92.02123,46.90351],[-92.02081,46.90344],[-92.02063,46.90338],[-92.02016,46.90325],[-92.01982,46.9032],[-92.01949,46.90318],[-92.01949,46.90318],[-92.01886,46.90325],[-92.01865,46.9033],[-92.01854,46.90336],[-92.01847,46.90342],[-92.01837,46.90355],[-92.01828,46.9036],[-92.0181,46.90365],[-92.0181,46.90365],[-92.01794,46.9036],[-92.01788,46.90359],[-92.01788,46.90359],[-92.01783,46.9036],[-92.0177,46.90391],[-92.01763,46.90402],[-92.0175,46.90414],[-92.01733,46.90416],[-92.01732,46.90416],[-92.01711,46.90414],[-92.0168,46.90399],[-92.01663,46.90395],[-92.01662,46.90395],[-92.01652,46.90396],[-92.01637,46.90406],[-92.01627,46.90414],[-92.01615,46.9042],[-92.0161,46.9042],[-92.01599,46.90418],[-92.01588,46.90413],[-92.01579,46.9041],[-92.01564,46.90409],[-92.01525,46.90411],[-92.01508,46.90416],[-92.01497,46.90425],[-92.01494,46.90429],[-92.01495,46.90437],[-92.01504,46.90447],[-92.01522,46.90452],[-92.01526,46.90454],[-92.01529,46.90458],[-92.01525,46.90465],[-92.01519,46.90465],[-92.01493,46.90458],[-92.01474,46.9046],[-92.01458,46.90467],[-92.01444,46.9048],[-92.01447,46.9049],[-92.01453,46.90504],[-92.01452,46.9052],[-92.01445,46.90544],[-92.0143,46.90566],[-92.01422,46.90572],[-92.01421,46.90572],[-92.01397,46.90571],[-92.01387,46.90575],[-92.01372,46.90586],[-92.01339,46.90616],[-92.01321,46.90627],[-92.01309,46.90631],[-92.01307,46.90631],[-92.01286,46.9063],[-92.01285,46.9063],[-92.01254,46.90637],[-92.01253,46.90637],[-92.01219,46.90633],[-92.01218,46.90633],[-92.01206,46.90637],[-92.01157,46.90661],[-92.01143,46.90664],[-92.01142,46.90664],[-92.01126,46.9066],[-92.01096,46.90643],[-92.01079,46.90641],[-92.01078,46.90641],[-92.01061,46.90643],[-92.01049,46.90648],[-92.0103,46.90661],[-92.01013,46.90687],[-92.00994,46.90707],[-92.0098,46.90715],[-92.00961,46.90722],[-92.0095,46.90723],[-92.00949,46.90723],[-92.00938,46.90721],[-92.00867,46.90695],[-92.00853,46.90688],[-92.00841,46.90679],[-92.00784,46.90627],[-92.00778,46.90623],[-92.00771,46.90622],[-92.00746,46.9062],[-92.00745,46.9062],[-92.00734,46.90622],[-92.00723,46.9063],[-92.00715,46.90639],[-92.00713,46.90649],[-92.00719,46.90707],[-92.00719,46.90717],[-92.00717,46.90722],[-92.00707,46.90733],[-92.00684,46.90745],[-92.00661,46.90751],[-92.0064,46.90751],[-92.0064,46.90751],[-92.00618,46.90742],[-92.00602,46.90728],[-92.00584,46.90728],[-92.00584,46.90728],[-92.00556,46.90735],[-92.00462,46.90779],[-92.00444,46.90785],[-92.0043,46.90788],[-92.00407,46.9079],[-92.00406,46.9079],[-92.00375,46.90788],[-92.00339,46.90784],[-92.00314,46.90778],[-92.00305,46.90774],[-92.00287,46.90761],[-92.00265,46.9075],[-92.00228,46.90726],[-92.00209,46.90708],[-92.00206,46.90699],[-92.00208,46.90693],[-92.00222,46.90684],[-92.00232,46.90673],[-92.00232,46.90661],[-92.00227,46.9064],[-92.00229,46.90636],[-92.00246,46.90625],[-92.00271,46.90614],[-92.00283,46.90609],[-92.00295,46.90608],[-92.00304,46.90608],[-92.00306,46.90608],[-92.00311,46.9061],[-92.00314,46.90613],[-92.00311,46.9062],[-92.00311,46.90628],[-92.00314,46.90637],[-92.00318,46.90644],[-92.00322,46.90646],[-92.00337,46.90647],[-92.00339,46.90647],[-92.00355,46.90641],[-92.00364,46.90633],[-92.00366,46.90627],[-92.00361,46.90605],[-92.00383,46.90562],[-92.00385,46.90548],[-92.00383,46.90543],[-92.00377,46.9053],[-92.00362,46.90511],[-92.0032,46.9048],[-92.00297,46.90467],[-92.00283,46.90455],[-92.00279,46.90448],[-92.00279,46.90439],[-92.00302,46.9042],[-92.00313,46.90404],[-92.00328,46.90394],[-92.00354,46.90385],[-92.00366,46.90383],[-92.00366,46.90383],[-92.00377,46.90385],[-92.00386,46.90389],[-92.00387,46.90389],[-92.00419,46.90382],[-92.0043,46.90372],[-92.00431,46.90353],[-92.00425,46.90345],[-92.00413,46.90339],[-92.00403,46.9033],[-92.00356,46.90305],[-92.00342,46.90301],[-92.00328,46.90289],[-92.00317,46.90263],[-92.00305,46.90243],[-92.00276,46.90204],[-92.00265,46.90183],[-92.00241,46.9016],[-92.00223,46.90147],[-92.00192,46.90128],[-92.00173,46.90106],[-92.00162,46.90083],[-92.00142,46.9006],[-92.00108,46.90033],[-92.00104,46.90028],[-92.00091,46.90019],[-92.00037,46.89992],[-92.00019,46.89988],[-91.99978,46.89982],[-91.99954,46.89972],[-91.99953,46.89964],[-91.99959,46.89948],[-91.9996,46.89936],[-91.99965,46.89916],[-91.99963,46.89907],[-91.99946,46.89873],[-91.99945,46.89868],[-91.99963,46.89859],[-91.99963,46.89859],[-91.99975,46.89859],[-91.99977,46.8986],[-91.99982,46.89858],[-91.99986,46.89851],[-91.99986,46.89841],[-91.99983,46.89836],[-91.99973,46.89831],[-91.99947,46.89814],[-91.9992,46.89804],[-91.99913,46.89789],[-91.99892,46.89772],[-91.99868,46.89764],[-91.99849,46.89759],[-91.99831,46.89756],[-91.99829,46.89756],[-91.99813,46.89756],[-91.99768,46.89765],[-91.99739,46.89774],[-91.99732,46.89778],[-91.99722,46.89789],[-91.99712,46.89804],[-91.99703,46.89833],[-91.99684,46.89852],[-91.99653,46.89877],[-91.99629,46.89891],[-91.99604,46.89903],[-91.99588,46.89906],[-91.99587,46.89906],[-91.99567,46.89903],[-91.99556,46.89899],[-91.99525,46.89882],[-91.99506,46.89881],[-91.99505,46.89881],[-91.99478,46.89884],[-91.99477,46.89884],[-91.99471,46.89883],[-91.99452,46.89877],[-91.99453,46.89869],[-91.99457,46.89864],[-91.99496,46.8983],[-91.99519,46.89815],[-91.99527,46.89806],[-91.99535,46.89794],[-91.99538,46.89768],[-91.99532,46.89759],[-91.99517,46.89754],[-91.9951,46.89748],[-91.99503,46.89738],[-91.99499,46.89726],[-91.99493,46.89682],[-91.99493,46.89652],[-91.99478,46.89627],[-91.99437,46.89594],[-91.99415,46.89584],[-91.99383,46.89564],[-91.99365,46.89558],[-91.99331,46.89551],[-91.99314,46.8955],[-91.99313,46.8955],[-91.99299,46.89552],[-91.99254,46.89573],[-91.99249,46.89577],[-91.99249,46.89581],[-91.99261,46.89604],[-91.99281,46.89632],[-91.99302,46.89651],[-91.99339,46.89673],[-91.99376,46.89687],[-91.99385,46.89695],[-91.99388,46.89699],[-91.99384,46.89708],[-91.99372,46.89717],[-91.99334,46.89733],[-91.99287,46.89747],[-91.99227,46.89752],[-91.99226,46.89752],[-91.9918,46.8975],[-91.9913,46.89737],[-91.99099,46.89733],[-91.99031,46.89728],[-91.98957,46.89709],[-91.98931,46.89698],[-91.98917,46.8969],[-91.98921,46.89662],[-91.98931,46.89641],[-91.98957,46.89572],[-91.98959,46.89553],[-91.98959,46.89532],[-91.98956,46.89503],[-91.9896,46.89491],[-91.98967,46.89482],[-91.98978,46.89476],[-91.9899,46.89471],[-91.99023,46.89467],[-91.99024,46.89467],[-91.9904,46.89468],[-91.99058,46.89472],[-91.99091,46.89482],[-91.99111,46.89493],[-91.99123,46.89493],[-91.99125,46.89493],[-91.99151,46.8949],[-91.99162,46.89485],[-91.99165,46.89479],[-91.99168,46.89463],[-91.99163,46.89437],[-91.99157,46.89424],[-91.9915,46.8942],[-91.99135,46.89416],[-91.99128,46.89413],[-91.99127,46.89409],[-91.99135,46.89392],[-91.99153,46.89374],[-91.99157,46.89368],[-91.99163,46.89347],[-91.99167,46.89325],[-91.99163,46.89294],[-91.99164,46.89293],[-91.99165,46.89243],[-91.99164,46.89223],[-91.99161,46.89215],[-91.99159,46.89194],[-91.99155,46.89179],[-91.9914,46.89157],[-91.99137,46.89144],[-91.99131,46.89099],[-91.99133,46.89068],[-91.99133,46.89038],[-91.99128,46.89003],[-91.99118,46.8898],[-91.9911,46.8897],[-91.9909,46.88953],[-91.99056,46.88939],[-91.99029,46.88934],[-91.99012,46.88928],[-91.99007,46.88921],[-91.98992,46.8891],[-91.98988,46.88906],[-91.98983,46.88892],[-91.98985,46.88881],[-91.98987,46.88878],[-91.99008,46.8887],[-91.99022,46.88863],[-91.99032,46.88848],[-91.9904,46.88828],[-91.99049,46.88823],[-91.99087,46.88809],[-91.99151,46.88781],[-91.99168,46.8877],[-91.99189,46.88744],[-91.99215,46.88732],[-91.99233,46.88718],[-91.99261,46.88683],[-91.99266,46.88674],[-91.99267,46.88664],[-91.99258,46.88648],[-91.99242,46.88638],[-91.99221,46.88629],[-91.99217,46.88625],[-91.99215,46.88618],[-91.99218,46.88611],[-91.99216,46.88603],[-91.99207,46.88596],[-91.9918,46.88585],[-91.99179,46.88586],[-91.99118,46.88598],[-91.99052,46.88604],[-91.99017,46.88609],[-91.99007,46.88614],[-91.98994,46.88629],[-91.98971,46.88661],[-91.98961,46.88666],[-91.98938,46.88674],[-91.98936,46.88674],[-91.98899,46.88674],[-91.98865,46.88667],[-91.98859,46.88665],[-91.98834,46.88634],[-91.98829,46.88624],[-91.98807,46.88604],[-91.98802,46.88589],[-91.98802,46.88581],[-91.98812,46.8857],[-91.98821,46.88564],[-91.98827,46.88549],[-91.9883,46.88528],[-91.9882,46.88499],[-91.98819,46.88493],[-91.98822,46.88481],[-91.9883,46.88467],[-91.98842,46.88457],[-91.98856,46.8845],[-91.98892,46.88436],[-91.98914,46.88424],[-91.98927,46.88419],[-91.98933,46.88418],[-91.98965,46.88407],[-91.98975,46.88407],[-91.98976,46.88407],[-91.98997,46.88415],[-91.99003,46.88416],[-91.99003,46.88416],[-91.9904,46.88413],[-91.99054,46.88409],[-91.99068,46.884],[-91.9914,46.88367],[-91.99196,46.88335],[-91.99222,46.88322],[-91.99247,46.88306],[-91.99254,46.88295],[-91.99257,46.88284],[-91.99257,46.88269],[-91.99256,46.88258],[-91.99228,46.88201],[-91.99232,46.88167],[-91.99242,46.88151],[-91.99255,46.88142],[-91.99264,46.8813],[-91.99275,46.88093],[-91.99291,46.88079],[-91.99318,46.88065],[-91.99331,46.8806],[-91.99342,46.88059],[-91.99343,46.88059],[-91.99361,46.88069],[-91.99378,46.88074],[-91.99379,46.88074],[-91.99423,46.88073],[-91.99424,46.88073],[-91.9943,46.88074],[-91.9944,46.8808],[-91.99446,46.88088],[-91.99453,46.88106],[-91.99451,46.88113],[-91.99447,46.88116],[-91.99433,46.88122],[-91.99424,46.88129],[-91.99418,46.88141],[-91.99419,46.88145],[-91.99429,46.88155],[-91.99452,46.88172],[-91.99484,46.88189],[-91.99508,46.8819],[-91.99509,46.8819],[-91.99525,46.88188],[-91.99543,46.88184],[-91.99567,46.88175],[-91.99581,46.88167],[-91.99595,46.88154],[-91.99604,46.88141],[-91.99605,46.88136],[-91.99607,46.88123],[-91.99604,46.88112],[-91.9958,46.88078],[-91.99548,46.88052],[-91.99541,46.88038],[-91.99545,46.88018],[-91.99585,46.87934],[-91.99601,46.87917],[-91.99608,46.87912],[-91.99618,46.87902],[-91.99642,46.87871],[-91.99645,46.87864],[-91.99651,46.87844],[-91.99652,46.87823],[-91.99652,46.87816],[-91.99645,46.87799],[-91.99629,46.87781],[-91.99564,46.87773],[-91.99564,46.87773],[-91.99531,46.87776],[-91.99484,46.87785],[-91.99474,46.87786],[-91.99474,46.87786],[-91.99464,46.87783],[-91.99462,46.87774],[-91.99467,46.87765],[-91.99469,46.87743],[-91.99478,46.87724],[-91.99493,46.87706],[-91.99506,46.87694],[-91.99547,46.87664],[-91.99565,46.87645],[-91.99568,46.87635],[-91.99562,46.87611],[-91.99563,46.8761],[-91.99553,46.87593],[-91.99541,46.8758],[-91.99533,46.87576],[-91.99513,46.87569],[-91.99504,46.87568],[-91.9945,46.87548],[-91.99432,46.8754],[-91.99425,46.87535],[-91.99405,46.87513],[-91.99366,46.87485],[-91.99356,46.87475],[-91.99313,46.87424],[-91.99289,46.8738],[-91.99286,46.87371],[-91.99285,46.87371],[-91.99287,46.87371],[-91.99284,46.87353],[-91.99286,46.87345],[-91.99295,46.87332],[-91.99302,46.87326],[-91.9936,46.87288],[-91.99375,46.87272],[-91.99396,46.87242],[-91.99397,46.87231],[-91.99391,46.87211],[-91.99391,46.87199],[-91.994,46.87164],[-91.99401,46.87154],[-91.994,46.87137],[-91.99391,46.87093],[-91.99383,46.87071],[-91.99377,46.8706],[-91.99352,46.87031],[-91.9934,46.87023],[-91.9933,46.87013],[-91.99326,46.87004],[-91.99326,46.86974],[-91.99324,46.86966],[-91.99342,46.86964],[-91.99372,46.86966],[-91.99386,46.86963],[-91.99415,46.8695],[-91.99422,46.86944],[-91.99434,46.86939],[-91.99477,46.86929],[-91.99515,46.86923],[-91.99537,46.86916],[-91.99588,46.86894],[-91.99613,46.86878],[-91.99614,46.86877],[-91.99634,46.8686],[-91.99643,46.86849],[-91.99655,46.86832],[-91.9966,46.86822],[-91.9966,46.86822],[-91.99677,46.86757],[-91.99683,46.86743],[-91.99689,46.86738],[-91.9969,46.8673],[-91.99702,46.86715],[-91.99721,46.86698],[-91.99736,46.86689],[-91.99759,46.86677],[-91.9977,46.8667],[-91.9978,46.8666],[-91.99784,46.8665],[-91.99785,46.86649],[-91.99787,46.86633],[-91.99785,46.86621],[-91.99781,46.86611],[-91.99761,46.86588],[-91.99714,46.86555],[-91.99703,46.86549],[-91.99688,46.86537],[-91.99662,46.86521],[-91.99656,46.86515],[-91.99654,46.86507],[-91.99666,46.8648],[-91.99666,46.86457],[-91.99669,46.86446],[-91.99685,46.86429],[-91.99692,46.86419],[-91.99764,46.86369],[-91.99799,46.86351],[-91.9984,46.86323],[-91.99877,46.86302],[-91.9991,46.86288],[-91.99955,46.86265],[-92.00005,46.86245],[-92.00027,46.86234],[-92.00047,46.86219],[-92.00056,46.86211],[-92.00065,46.86199],[-92.00068,46.86188],[-92.00064,46.86166],[-92.00045,46.86145],[-92.00025,46.86133],[-92.0,46.86125],[-91.99986,46.86113],[-91.99988,46.86105],[-92.0,46.86095],[-92.00011,46.86075],[-92.00018,46.86056],[-92.00021,46.86036],[-92.0002,46.86023],[-92.00011,46.85982],[-92.00008,46.85945],[-92.0002,46.85911],[-92.00042,46.85869],[-92.00052,46.85844],[-92.00054,46.85825],[-92.00046,46.85795],[-92.00046,46.8577],[-92.00055,46.85729],[-92.00055,46.85717],[-92.00051,46.85706],[-92.00044,46.857],[-92.00028,46.85693],[-92.00027,46.85693],[-92.00018,46.85695],[-92.00002,46.8571],[-91.99997,46.85712],[-91.99996,46.85711],[-91.99992,46.8571],[-91.99988,46.85707],[-91.99982,46.85696],[-91.99975,46.8569],[-91.99966,46.85675],[-91.99963,46.85668],[-91.99966,46.85655],[-91.99977,46.85643],[-92.00012,46.85624],[-92.00018,46.85614],[-92.00026,46.85609],[-92.00027,46.85608],[-92.00037,46.85611],[-92.00037,46.85611],[-92.00054,46.85611],[-92.00074,46.85604],[-92.00098,46.856],[-92.00152,46.85576],[-92.00153,46.85576],[-92.00166,46.85577],[-92.00167,46.85578],[-92.00174,46.85576],[-92.00182,46.8557],[-92.00227,46.85562],[-92.00326,46.8555],[-92.00351,46.85542],[-92.00364,46.85529],[-92.00373,46.85525],[-92.00383,46.85522],[-92.00405,46.85521],[-92.00444,46.85515],[-92.00525,46.85492],[-92.00542,46.85482],[-92.00547,46.85474],[-92.00553,46.85459],[-92.00562,46.85448],[-92.00572,46.85441],[-92.00582,46.85439],[-92.00604,46.85423],[-92.00613,46.85413],[-92.00621,46.854],[-92.00621,46.85392],[-92.00609,46.85379],[-92.00591,46.85343],[-92.00573,46.85326],[-92.00565,46.85315],[-92.00557,46.85297],[-92.00549,46.8527],[-92.00554,46.85259],[-92.00569,46.85238],[-92.00581,46.85229],[-92.00609,46.85215],[-92.00624,46.85195],[-92.00626,46.85177],[-92.00624,46.85139],[-92.00626,46.85111],[-92.00632,46.85084],[-92.00634,46.85062],[-92.0063,46.85039],[-92.00616,46.85023],[-92.00604,46.85014],[-92.00598,46.85011],[-92.00561,46.85001],[-92.00546,46.84996],[-92.00543,46.84992],[-92.00545,46.84985],[-92.00563,46.84975],[-92.00571,46.84963],[-92.00572,46.84936],[-92.00568,46.8492],[-92.00562,46.84905],[-92.00549,46.84888],[-92.0053,46.84874],[-92.00488,46.84853],[-92.00482,46.84838],[-92.00481,46.84821],[-92.0047,46.84803],[-92.00462,46.84778],[-92.00456,46.84765],[-92.00447,46.84757],[-92.00429,46.84747],[-92.00415,46.84736],[-92.00402,46.84728],[-92.0039,46.84725],[-92.00389,46.84725],[-92.00356,46.84729],[-92.00356,46.84729],[-92.00335,46.84723],[-92.00327,46.84718],[-92.00324,46.84714],[-92.00324,46.84702],[-92.0034,46.84667],[-92.0034,46.8466],[-92.00334,46.84649],[-92.00333,46.84641],[-92.00343,46.84627],[-92.00352,46.84623],[-92.00368,46.846],[-92.00376,46.84574],[-92.00378,46.84556],[-92.00374,46.84538],[-92.00368,46.84532],[-92.00345,46.84519],[-92.00344,46.84515],[-92.00346,46.84508],[-92.00357,46.84493],[-92.00369,46.84473],[-92.0038,46.84443],[-92.00405,46.84426],[-92.00417,46.84407],[-92.00424,46.84391],[-92.00427,46.84375],[-92.0044,46.84343],[-92.00442,46.8432],[-92.00452,46.84301],[-92.0046,46.84293],[-92.00466,46.84284],[-92.0049,46.84262],[-92.00526,46.84238],[-92.00551,46.84224],[-92.00579,46.84204],[-92.00595,46.84184],[-92.00601,46.84168],[-92.00618,46.8415],[-92.00627,46.84136],[-92.00631,46.84124],[-92.00632,46.84112],[-92.00643,46.84094],[-92.00644,46.84088],[-92.00645,46.8407],[-92.00643,46.84061],[-92.00642,46.84054],[-92.00645,46.84043],[-92.00654,46.84025],[-92.00672,46.84007],[-92.00677,46.83995],[-92.00676,46.83979],[-92.00663,46.83956],[-92.00663,46.83941],[-92.00663,46.83933],[-92.00669,46.83914],[-92.00672,46.8391],[-92.00676,46.83909],[-92.0068,46.83909],[-92.00682,46.83909],[-92.0069,46.83913],[-92.00704,46.83946],[-92.00707,46.83949],[-92.00719,46.83954],[-92.00729,46.83963],[-92.00739,46.83978],[-92.00744,46.83993],[-92.00754,46.84003],[-92.00775,46.84013],[-92.00786,46.84016],[-92.00807,46.84027],[-92.00842,46.84038],[-92.00872,46.84063],[-92.0088,46.8407],[-92.00895,46.84096],[-92.0092,46.84134],[-92.00928,46.84152],[-92.00928,46.84162],[-92.00949,46.84183],[-92.00961,46.84201],[-92.00964,46.84212],[-92.00956,46.84245],[-92.00933,46.8429],[-92.00927,46.84307],[-92.00926,46.8432],[-92.00922,46.84329],[-92.0092,46.84347],[-92.00921,46.84363],[-92.00923,46.84367],[-92.00943,46.84371],[-92.00956,46.8438],[-92.00974,46.844],[-92.01004,46.84417],[-92.01028,46.84434],[-92.01036,46.84444],[-92.01045,46.84463],[-92.01062,46.8449],[-92.01077,46.84508],[-92.01079,46.84515],[-92.0108,46.84532],[-92.01078,46.84545],[-92.01073,46.84558],[-92.01063,46.84573],[-92.01027,46.8461],[-92.0099,46.84641],[-92.00976,46.84656],[-92.00978,46.84677],[-92.00983,46.84693],[-92.00997,46.84718],[-92.01012,46.8474],[-92.01023,46.84764],[-92.01026,46.84776],[-92.01034,46.84788],[-92.01047,46.84824],[-92.01055,46.84835],[-92.01059,46.84837],[-92.01085,46.84841],[-92.01086,46.84841],[-92.011,46.84833],[-92.01107,46.84826],[-92.01124,46.84816],[-92.01129,46.84814],[-92.01139,46.84814],[-92.01141,46.84814],[-92.01151,46.84817],[-92.01172,46.84826],[-92.01181,46.84831],[-92.01188,46.84842],[-92.0119,46.84862],[-92.01183,46.84876],[-92.01171,46.84884],[-92.01136,46.84899],[-92.01111,46.84912],[-92.01102,46.84918],[-92.01097,46.84924],[-92.01093,46.84935],[-92.01096,46.84951],[-92.01104,46.8496],[-92.01116,46.84969],[-92.01129,46.84996],[-92.01164,46.85024],[-92.01169,46.85035],[-92.01168,46.85043],[-92.01164,46.85054],[-92.01158,46.8506],[-92.01144,46.85068],[-92.01114,46.851],[-92.01098,46.85122],[-92.01087,46.85133],[-92.01079,46.85144],[-92.01077,46.85151],[-92.01077,46.85155],[-92.01082,46.85163],[-92.01082,46.85167],[-92.01086,46.8517],[-92.01101,46.85177],[-92.01129,46.85182],[-92.01138,46.85187],[-92.01142,46.85194],[-92.01139,46.85206],[-92.01136,46.85214],[-92.01128,46.85223],[-92.01124,46.85234],[-92.01125,46.85239],[-92.01136,46.8526],[-92.01142,46.8528],[-92.01142,46.85288],[-92.01137,46.85299],[-92.01134,46.85336],[-92.01122,46.85363],[-92.01125,46.85383],[-92.01135,46.85397],[-92.0117,46.85421],[-92.01202,46.8543],[-92.01221,46.85432],[-92.01221,46.85432],[-92.01252,46.85432],[-92.01254,46.85432],[-92.01262,46.85437],[-92.0127,46.85444],[-92.01276,46.85455],[-92.01281,46.85472],[-92.01285,46.85482],[-92.01289,46.85501],[-92.01298,46.85521],[-92.01309,46.85537],[-92.01317,46.85547],[-92.01364,46.85585],[-92.01392,46.85612],[-92.01406,46.85631],[-92.01406,46.85635],[-92.01414,46.85649],[-92.01415,46.85682],[-92.01413,46.85689],[-92.01405,46.85694],[-92.01403,46.85694],[-92.01376,46.85694],[-92.0136,46.8569],[-92.0131,46.8568],[-92.01308,46.8568],[-92.01298,46.8568],[-92.01282,46.85683],[-92.01267,46.85688],[-92.01252,46.85699],[-92.01239,46.85706],[-92.01217,46.85715],[-92.01152,46.85748],[-92.01129,46.85766],[-92.01122,46.85774],[-92.01117,46.8579],[-92.01116,46.85802],[-92.01118,46.85837],[-92.01134,46.85848],[-92.01155,46.85852],[-92.01156,46.85852],[-92.01173,46.85852],[-92.01192,46.85847],[-92.01192,46.85847],[-92.01219,46.8585],[-92.01221,46.8585],[-92.01264,46.85837],[-92.01286,46.85824],[-92.01302,46.85817],[-92.01357,46.85797],[-92.01367,46.85795],[-92.01367,46.85795],[-92.01412,46.85797],[-92.01449,46.85807],[-92.01487,46.85825],[-92.01492,46.85832],[-92.01495,46.8584],[-92.01489,46.85855],[-92.01459,46.85875],[-92.01445,46.85888],[-92.01423,46.85927],[-92.0141,46.85943],[-92.01402,46.85972],[-92.01397,46.85979],[-92.01388,46.85984],[-92.01387,46.85984],[-92.01376,46.85983],[-92.01344,46.85974],[-92.01323,46.85971],[-92.01305,46.85965],[-92.01295,46.85964],[-92.01255,46.85954],[-92.01211,46.85936],[-92.012,46.85934],[-92.012,46.85934],[-92.01195,46.85935],[-92.01184,46.85939],[-92.01176,46.85952],[-92.01176,46.85974],[-92.01172,46.85987],[-92.01159,46.85993],[-92.01136,46.85999],[-92.01131,46.86002],[-92.01125,46.86012],[-92.01123,46.86018],[-92.01129,46.86035],[-92.01139,46.86055],[-92.01145,46.86059],[-92.01163,46.86068],[-92.01191,46.86071],[-92.0122,46.86082],[-92.01253,46.86088],[-92.01277,46.86089],[-92.01278,46.86089],[-92.013,46.86088],[-92.01301,46.86088],[-92.0134,46.86091],[-92.01341,46.86091],[-92.01371,46.86082],[-92.01421,46.86077],[-92.01438,46.86074],[-92.01465,46.86073],[-92.01467,46.86073],[-92.01488,46.86076],[-92.01525,46.86086],[-92.01568,46.86109],[-92.01581,46.86109],[-92.01583,46.86109],[-92.01594,46.86112],[-92.01595,46.86112],[-92.01638,46.86105],[-92.01648,46.86102],[-92.01668,46.86085],[-92.01688,46.86057],[-92.01702,46.86044],[-92.01717,46.86025],[-92.01726,46.86015],[-92.01734,46.86002],[-92.01739,46.85988],[-92.0174,46.8595],[-92.01744,46.85949],[-92.01745,46.85949],[-92.0175,46.8595],[-92.01755,46.85952],[-92.01758,46.85955],[-92.01777,46.85963],[-92.01801,46.85964],[-92.01802,46.85964],[-92.01813,46.85962],[-92.01822,46.85957],[-92.01832,46.85955],[-92.01832,46.85955],[-92.01845,46.85956],[-92.0186,46.8596],[-92.0186,46.8596],[-92.01866,46.8596],[-92.01894,46.85955],[-92.01937,46.85942],[-92.01957,46.85931],[-92.01984,46.85909],[-92.02,46.85888],[-92.02001,46.8588],[-92.01999,46.85864],[-92.01982,46.85839],[-92.01979,46.85827],[-92.0198,46.8582],[-92.01987,46.85809],[-92.01998,46.85799],[-92.02011,46.85794],[-92.02029,46.85792],[-92.02029,46.85791],[-92.02052,46.85792],[-92.02063,46.85795],[-92.02077,46.858],[-92.02087,46.85801],[-92.02089,46.85801],[-92.02099,46.85798],[-92.02139,46.85774],[-92.0215,46.85762],[-92.02154,46.85747],[-92.02155,46.85707],[-92.02153,46.85678],[-92.02156,46.85667],[-92.0216,46.85655],[-92.02166,46.85646],[-92.02188,46.85622],[-92.02192,46.8562],[-92.02204,46.8562],[-92.02205,46.8562],[-92.02226,46.85623],[-92.02228,46.85623],[-92.02253,46.85612],[-92.02257,46.85612],[-92.02259,46.85612],[-92.02275,46.85615],[-92.02279,46.85617],[-92.02288,46.85627],[-92.02307,46.85636],[-92.02313,46.85647],[-92.02311,46.8565],[-92.02307,46.85653],[-92.02289,46.85662],[-92.02286,46.85674],[-92.02289,46.85677],[-92.02294,46.8568],[-92.02303,46.85681],[-92.02305,46.85682],[-92.02306,46.85678],[-92.02302,46.85675],[-92.02298,46.85669],[-92.02301,46.85666],[-92.02302,46.85665],[-92.02313,46.85674],[-92.02323,46.85677],[-92.02334,46.85677],[-92.02344,46.85681],[-92.02354,46.85691],[-92.02362,46.85694],[-92.02372,46.85697],[-92.02373,46.85697],[-92.02378,46.85696],[-92.02387,46.85691],[-92.02391,46.85667],[-92.0239,46.85648],[-92.02394,46.85642],[-92.02411,46.85629],[-92.02441,46.85621],[-92.0246,46.85606],[-92.02471,46.85603],[-92.0251,46.85596],[-92.0252,46.85592],[-92.02521,46.85588],[-92.0254,46.85574],[-92.0256,46.85568],[-92.02578,46.85566],[-92.02593,46.85563],[-92.02624,46.85562],[-92.02625,46.85562],[-92.02636,46.85564],[-92.02667,46.85572],[-92.02682,46.85572],[-92.02683,46.85572],[-92.02688,46.8557],[-92.02695,46.85564],[-92.02696,46.85552],[-92.02703,46.85546],[-92.02707,46.85546],[-92.02708,46.85546],[-92.02713,46.85549],[-92.02719,46.85555],[-92.02724,46.85557],[-92.02726,46.85561],[-92.02735,46.85567],[-92.0274,46.85568],[-92.02741,46.85568],[-92.02758,46.85567],[-92.0278,46.85563],[-92.02789,46.85558],[-92.02799,46.85556],[-92.02799,46.85556],[-92.02814,46.85558],[-92.02815,46.85558],[-92.02826,46.85556],[-92.02827,46.85556],[-92.02846,46.8556],[-92.02857,46.85565],[-92.02857,46.85565],[-92.02872,46.85564],[-92.02874,46.85564],[-92.02877,46.85571],[-92.02875,46.8559],[-92.02879,46.85606],[-92.02899,46.85636],[-92.02923,46.85659],[-92.02925,46.8567],[-92.02931,46.85677],[-92.02934,46.85684],[-92.02939,46.85685],[-92.02949,46.85685],[-92.0295,46.85685],[-92.0297,46.85677],[-92.02983,46.85677],[-92.02985,46.85677],[-92.02993,46.85683],[-92.03001,46.85702],[-92.03015,46.85716],[-92.03012,46.85723],[-92.0299,46.85734],[-92.02977,46.85751],[-92.02966,46.85754],[-92.02944,46.85755],[-92.02939,46.85757],[-92.02936,46.8576],[-92.02942,46.8577],[-92.02966,46.8578],[-92.02992,46.85782],[-92.02993,46.85783],[-92.03014,46.85779],[-92.03015,46.85779],[-92.0302,46.85781],[-92.03027,46.85787],[-92.03043,46.85793],[-92.03044,46.85793],[-92.0306,46.85789],[-92.03083,46.85778],[-92.03087,46.85778],[-92.03089,46.85778],[-92.03092,46.85784],[-92.03089,46.85792],[-92.03083,46.85798],[-92.03064,46.85809],[-92.03061,46.85813],[-92.03067,46.85819],[-92.03093,46.85834],[-92.03118,46.85856],[-92.03128,46.8586],[-92.03139,46.85861],[-92.0314,46.85861],[-92.03167,46.85858],[-92.03176,46.85854],[-92.03185,46.85843],[-92.03189,46.85841],[-92.0319,46.85841],[-92.0321,46.85847],[-92.03233,46.85864],[-92.03266,46.85893],[-92.03309,46.85935],[-92.03318,46.85941],[-92.03342,46.8595],[-92.03345,46.85953],[-92.03351,46.85964],[-92.03353,46.85976],[-92.03349,46.8598],[-92.03344,46.8598],[-92.03343,46.8598],[-92.03317,46.85976],[-92.03316,46.85977],[-92.03307,46.85979],[-92.03304,46.85982],[-92.03304,46.85986],[-92.03313,46.86],[-92.03338,46.8602],[-92.0337,46.86035],[-92.03391,46.86039],[-92.03391,46.86039],[-92.03423,46.86037],[-92.03424,46.86037],[-92.03445,46.86021],[-92.0345,46.86003],[-92.03478,46.85997],[-92.035,46.85999],[-92.03514,46.86006],[-92.0352,46.86012],[-92.03527,46.86024],[-92.03528,46.86036],[-92.03537,46.86054],[-92.03522,46.86065],[-92.03516,46.86072],[-92.03511,46.86074],[-92.03511,46.86081],[-92.03515,46.86088],[-92.03543,46.8611],[-92.03564,46.86122],[-92.03598,46.86154],[-92.03605,46.86165],[-92.03611,46.86171],[-92.0362,46.86186],[-92.03629,46.86208],[-92.0363,46.86243],[-92.03626,46.86255],[-92.03614,46.86267],[-92.03601,46.86275],[-92.03594,46.86281],[-92.03582,46.86298],[-92.0358,46.86305],[-92.03581,46.86308],[-92.03598,46.86312],[-92.03598,46.86313],[-92.03612,46.8631],[-92.03613,46.8631],[-92.03618,46.86311],[-92.03628,46.86326],[-92.0363,46.86345],[-92.03637,46.86355],[-92.03637,46.86356],[-92.03662,46.86353],[-92.03664,46.86353],[-92.03691,46.86368],[-92.03703,46.8638],[-92.03698,46.86387],[-92.03675,46.86394],[-92.03659,46.86397],[-92.0364,46.86407],[-92.03632,46.86417],[-92.0363,46.86425],[-92.03639,46.86439],[-92.03641,46.86443],[-92.03639,46.86446],[-92.03635,46.86449],[-92.03604,46.86455],[-92.03599,46.86457],[-92.03589,46.86464],[-92.03584,46.86474],[-92.03585,46.86492],[-92.036,46.86517],[-92.03616,46.86529],[-92.03654,46.86553],[-92.03665,46.86554],[-92.03666,46.86554],[-92.03677,46.86553],[-92.0369,46.86546],[-92.03727,46.86539],[-92.03737,46.86536],[-92.03741,46.86533],[-92.03745,46.86519],[-92.03752,46.86513],[-92.03759,46.86512],[-92.03761,46.86508],[-92.03766,46.86506],[-92.03766,46.86506],[-92.03777,46.86507],[-92.03794,46.86516],[-92.03819,46.86537],[-92.03848,46.86571],[-92.03873,46.86593],[-92.03894,46.86607],[-92.039,46.86614],[-92.03921,46.86617],[-92.03921,46.86617],[-92.03955,46.86611],[-92.03981,46.86611],[-92.03996,46.86606],[-92.04033,46.86587],[-92.04057,46.86569],[-92.04076,46.86561],[-92.04097,46.86555],[-92.04101,46.86552],[-92.04106,46.86543],[-92.04108,46.86534],[-92.04106,46.86501],[-92.04107,46.86497],[-92.04116,46.86487],[-92.0412,46.86485],[-92.04125,46.86484],[-92.04126,46.86484],[-92.04151,46.8649],[-92.04152,46.8649],[-92.04168,46.86488],[-92.04193,46.86477],[-92.04204,46.86466],[-92.04206,46.86459],[-92.04197,46.86449],[-92.04197,46.86441],[-92.04208,46.86423],[-92.04212,46.86412],[-92.0421,46.86405],[-92.04201,46.86391],[-92.04195,46.86373],[-92.04196,46.86353],[-92.04203,46.86343],[-92.04208,46.86341],[-92.04218,46.8634],[-92.04219,46.8634],[-92.04253,46.86345],[-92.04265,46.86347],[-92.04274,46.8635],[-92.04284,46.86352],[-92.04285,46.86352],[-92.04316,46.86342],[-92.04342,46.86338],[-92.04356,46.86332],[-92.04369,46.86329],[-92.04392,46.86328],[-92.04419,46.86324],[-92.04434,46.86323],[-92.04436,46.86323],[-92.04446,46.86326],[-92.04458,46.86333],[-92.04494,46.86369],[-92.0452,46.86385],[-92.04542,46.86408],[-92.04553,46.86415],[-92.04571,46.86425],[-92.04582,46.86438],[-92.04583,46.86441],[-92.04574,46.86467],[-92.04576,46.8648],[-92.0459,46.86491],[-92.04606,46.86497],[-92.04616,46.86499],[-92.04617,46.86499],[-92.04639,46.86497],[-92.04649,46.86494],[-92.04668,46.86484],[-92.04677,46.86474],[-92.04681,46.8646],[-92.04672,46.86426],[-92.04671,46.86406],[-92.04679,46.86384],[-92.04684,46.86377],[-92.04689,46.86375],[-92.04689,46.86375],[-92.04727,46.86382],[-92.04744,46.86393],[-92.04758,46.86397],[-92.04759,46.86398],[-92.04764,46.86397],[-92.04764,46.86393],[-92.04745,46.86383],[-92.04704,46.86371],[-92.04703,46.86371],[-92.04681,46.86371],[-92.04672,46.86375],[-92.04666,46.86381],[-92.04659,46.86394],[-92.04655,46.86413],[-92.04655,46.86426],[-92.04668,46.86455],[-92.04666,46.86462],[-92.04647,46.86486],[-92.04632,46.86492],[-92.04621,46.86492],[-92.04621,46.86492],[-92.04601,46.86487],[-92.04592,46.86482],[-92.04587,46.86475],[-92.04586,46.86471],[-92.04595,46.86447],[-92.04592,46.86432],[-92.04588,46.86425],[-92.0458,46.86419],[-92.04565,46.86414],[-92.04549,46.86403],[-92.04526,46.86382],[-92.04488,46.86353],[-92.04469,46.86334],[-92.04453,46.86323],[-92.04444,46.8632],[-92.04422,46.86317],[-92.04422,46.86317],[-92.04385,46.86323],[-92.04384,46.86323],[-92.04362,46.86323],[-92.04362,46.86323],[-92.04349,46.86329],[-92.04285,46.86343],[-92.04284,46.86343],[-92.04274,46.86342],[-92.04259,46.86336],[-92.04258,46.86337],[-92.04248,46.86338],[-92.04247,46.86338],[-92.04236,46.86337],[-92.04209,46.86333],[-92.04209,46.86333],[-92.04193,46.86336],[-92.04185,46.86342],[-92.04181,46.86353],[-92.0418,46.86361],[-92.04185,46.86382],[-92.04193,46.86393],[-92.04201,46.86416],[-92.04185,46.86447],[-92.04191,46.86465],[-92.0419,46.86469],[-92.04187,46.86472],[-92.04172,46.86479],[-92.04157,46.86483],[-92.04141,46.86483],[-92.04141,46.86483],[-92.04116,46.86476],[-92.04115,46.86476],[-92.04105,46.86478],[-92.04101,46.8648],[-92.04095,46.86491],[-92.04093,46.86502],[-92.04096,46.86534],[-92.04089,46.86544],[-92.04056,46.8656],[-92.04037,46.86574],[-92.04008,46.86591],[-92.03976,46.86601],[-92.03965,46.86602],[-92.03956,46.86606],[-92.03945,46.86607],[-92.03944,46.86607],[-92.0392,46.86605],[-92.03893,46.86592],[-92.03862,46.86569],[-92.0385,46.86559],[-92.03819,46.86523],[-92.03802,46.86511],[-92.03789,46.86504],[-92.03769,46.86498],[-92.03768,46.86498],[-92.03754,46.86502],[-92.03746,46.86507],[-92.03738,46.86518],[-92.03736,46.86525],[-92.03733,46.86529],[-92.03713,46.86535],[-92.03691,46.86539],[-92.03669,46.86546],[-92.03668,46.86546],[-92.03655,46.86545],[-92.03628,46.86526],[-92.03598,46.865],[-92.03593,46.8649],[-92.03594,46.86482],[-92.03599,46.86472],[-92.03606,46.86466],[-92.03627,46.86456],[-92.03648,46.86451],[-92.03651,46.86448],[-92.03654,46.86444],[-92.03652,46.86439],[-92.03638,46.86427],[-92.03639,46.86423],[-92.03642,46.8642],[-92.03662,46.86407],[-92.03708,46.86391],[-92.03712,46.86388],[-92.03714,46.86381],[-92.03706,46.86371],[-92.03678,46.86352],[-92.03668,46.86348],[-92.03652,46.86347],[-92.03651,46.86347],[-92.03646,46.86348],[-92.03646,46.86348],[-92.03642,46.86346],[-92.03637,46.86339],[-92.03635,46.86323],[-92.03626,46.86311],[-92.0362,46.86308],[-92.03592,46.86307],[-92.03589,46.86304],[-92.03592,46.86293],[-92.03595,46.8629],[-92.03624,46.86271],[-92.03632,46.86264],[-92.03637,46.86257],[-92.03639,46.86223],[-92.03637,46.86207],[-92.03632,46.86193],[-92.03619,46.86171],[-92.03616,46.86163],[-92.03601,46.8614],[-92.0356,46.86107],[-92.03538,46.86095],[-92.03525,46.86082],[-92.03522,46.86074],[-92.03545,46.86057],[-92.03549,46.8605],[-92.03548,46.86046],[-92.03537,46.86037],[-92.03531,46.86015],[-92.03521,46.86001],[-92.03517,46.85998],[-92.03502,46.85993],[-92.03468,46.85993],[-92.03468,46.85993],[-92.03442,46.85995],[-92.03437,46.85998],[-92.03436,46.86014],[-92.03433,46.86022],[-92.03427,46.86028],[-92.03417,46.86033],[-92.03401,46.86035],[-92.034,46.86035],[-92.03373,46.8603],[-92.03354,46.86022],[-92.03328,46.86002],[-92.03317,46.85993],[-92.03315,46.85986],[-92.03324,46.85983],[-92.03325,46.85983],[-92.0334,46.85987],[-92.03352,46.85987],[-92.03353,46.85987],[-92.0336,46.8598],[-92.03362,46.85973],[-92.0336,46.85961],[-92.03354,46.85952],[-92.03342,46.85944],[-92.03322,46.85937],[-92.03314,46.85931],[-92.03299,46.85911],[-92.03268,46.85882],[-92.03231,46.85853],[-92.03209,46.85841],[-92.03188,46.85835],[-92.03187,46.85835],[-92.03183,46.85835],[-92.03179,46.85838],[-92.03167,46.85851],[-92.03157,46.85854],[-92.03146,46.85856],[-92.03145,46.85856],[-92.03125,46.85853],[-92.03094,46.85824],[-92.03077,46.85813],[-92.03077,46.85809],[-92.03097,46.85802],[-92.03101,46.85795],[-92.03101,46.85787],[-92.03098,46.85779],[-92.03096,46.85775],[-92.03085,46.85769],[-92.03079,46.85768],[-92.03079,46.85768],[-92.03074,46.8577],[-92.03053,46.85783],[-92.03043,46.85785],[-92.03042,46.85785],[-92.03037,46.85785],[-92.03014,46.85774],[-92.03013,46.85775],[-92.02997,46.85775],[-92.02997,46.85775],[-92.0297,46.85772],[-92.02959,46.85769],[-92.02945,46.85762],[-92.02948,46.85759],[-92.02975,46.85756],[-92.02986,46.85754],[-92.0299,46.85751],[-92.03,46.85737],[-92.03014,46.85731],[-92.03022,46.85725],[-92.03031,46.85711],[-92.03029,46.85708],[-92.03012,46.85698],[-92.03003,46.85688],[-92.02995,46.85674],[-92.02991,46.85671],[-92.02975,46.85669],[-92.02974,46.85669],[-92.02961,46.85671],[-92.02953,46.85677],[-92.02952,46.85677],[-92.02938,46.85672],[-92.02924,46.85648],[-92.02901,46.85625],[-92.02894,46.85613],[-92.02887,46.85596],[-92.0289,46.85573],[-92.02884,46.85558],[-92.0288,46.85556],[-92.02874,46.85555],[-92.02874,46.85555],[-92.02864,46.85557],[-92.02862,46.85557],[-92.02853,46.85557],[-92.02833,46.85549],[-92.02828,46.85549],[-92.02827,46.85549],[-92.02807,46.85552],[-92.02805,46.85552],[-92.02793,46.85552],[-92.02773,46.85558],[-92.02756,46.8556],[-92.02755,46.8556],[-92.02733,46.85557],[-92.02717,46.85546],[-92.02701,46.85541],[-92.027,46.85542],[-92.02688,46.85543],[-92.02683,46.85563],[-92.0268,46.85566],[-92.02674,46.85566],[-92.02674,46.85566],[-92.02653,46.85563],[-92.02626,46.85557],[-92.02625,46.85557],[-92.026,46.85557],[-92.02576,46.85559],[-92.02575,46.85559],[-92.02558,46.85558],[-92.02558,46.85558],[-92.02553,46.8556],[-92.02529,46.8557],[-92.02513,46.85582],[-92.02499,46.85589],[-92.02472,46.85594],[-92.02452,46.856],[-92.0244,46.8561],[-92.02421,46.85617],[-92.02397,46.85627],[-92.0238,46.85644],[-92.02377,46.85648],[-92.02377,46.85653],[-92.02383,46.85679],[-92.0238,46.85686],[-92.02376,46.85688],[-92.02374,46.85688],[-92.02365,46.85686],[-92.02344,46.85673],[-92.02322,46.8567],[-92.02312,46.85667],[-92.02309,46.85663],[-92.0231,46.85656],[-92.02324,46.8565],[-92.02326,46.85647],[-92.02327,46.85639],[-92.02325,46.85632],[-92.02321,46.85629],[-92.02302,46.85621],[-92.02282,46.85608],[-92.02261,46.85604],[-92.0226,46.85604],[-92.02243,46.85606],[-92.02234,46.85611],[-92.02229,46.85612],[-92.02218,46.85613],[-92.02217,46.85613],[-92.02195,46.85611],[-92.02195,46.85611],[-92.0219,46.85612],[-92.02174,46.85622],[-92.02163,46.85625],[-92.02153,46.85639],[-92.02152,46.85646],[-92.02144,46.85663],[-92.02143,46.85671],[-92.02141,46.85689],[-92.02143,46.85731],[-92.02141,46.85746],[-92.02134,46.85765],[-92.02126,46.85771],[-92.02104,46.85782],[-92.02097,46.85789],[-92.02088,46.85794],[-92.02087,46.85793],[-92.02078,46.85793],[-92.0207,46.85788],[-92.02053,46.85788],[-92.02032,46.85784],[-92.02031,46.85784],[-92.02026,46.85784],[-92.02,46.85792],[-92.01982,46.85801],[-92.01972,46.8581],[-92.01967,46.85826],[-92.0197,46.85841],[-92.01986,46.8587],[-92.01988,46.8588],[-92.01988,46.85884],[-92.01977,46.859],[-92.01955,46.85918],[-92.01937,46.85928],[-92.01903,46.85944],[-92.01891,46.85947],[-92.01853,46.8595],[-92.01852,46.8595],[-92.01846,46.8595],[-92.01836,46.85946],[-92.01835,46.85946],[-92.01831,46.85947],[-92.01815,46.85951],[-92.01791,46.85954],[-92.0179,46.85954],[-92.01775,46.85951],[-92.01755,46.85945],[-92.01742,46.85938],[-92.01736,46.85937],[-92.01736,46.85937],[-92.01726,46.8594],[-92.0172,46.8595],[-92.01724,46.85973],[-92.01723,46.85989],[-92.01711,46.86017],[-92.01698,46.86034],[-92.01658,46.86071],[-92.01644,46.86083],[-92.0163,46.8609],[-92.01609,46.86095],[-92.01608,46.86095],[-92.01593,46.86094],[-92.0154,46.86075],[-92.01491,46.86063],[-92.0146,46.86056],[-92.01458,46.86056],[-92.01414,46.86059],[-92.01366,46.86069],[-92.01335,46.86071],[-92.01305,46.86079],[-92.01276,46.86082],[-92.01275,46.86082],[-92.01263,46.86082],[-92.01215,46.86072],[-92.01191,46.86062],[-92.01165,46.86053],[-92.01157,46.86048],[-92.01152,46.86041],[-92.01149,46.86034],[-92.01151,46.86023],[-92.01156,46.86016],[-92.01177,46.86],[-92.01187,46.8599],[-92.01192,46.85983],[-92.01192,46.85979],[-92.01191,46.85975],[-92.01186,46.85968],[-92.01186,46.85956],[-92.01194,46.8595],[-92.01203,46.85946],[-92.01208,46.85946],[-92.01209,46.85945],[-92.01222,46.85949],[-92.01266,46.85966],[-92.01293,46.85975],[-92.01317,46.85979],[-92.01346,46.85983],[-92.01358,46.85986],[-92.01376,46.85995],[-92.01385,46.85995],[-92.01387,46.85996],[-92.01397,46.85992],[-92.01405,46.85982],[-92.01414,46.85961],[-92.01421,46.85955],[-92.01433,46.8594],[-92.01456,46.85891],[-92.01473,46.85876],[-92.01496,46.85865],[-92.01503,46.8586],[-92.01507,46.85852],[-92.01509,46.85836],[-92.01501,46.85823],[-92.01482,46.8581],[-92.01427,46.8579],[-92.01401,46.85786],[-92.01399,46.85786],[-92.01383,46.85786],[-92.01356,46.85792],[-92.01336,46.85798],[-92.01289,46.85816],[-92.01245,46.85837],[-92.01234,46.85841],[-92.01223,46.85843],[-92.01221,46.85842],[-92.01211,46.85842],[-92.012,46.8584],[-92.01185,46.85834],[-92.01171,46.85821],[-92.01164,46.85807],[-92.0116,46.85796],[-92.01158,46.85778],[-92.0118,46.85751],[-92.01201,46.85738],[-92.01248,46.85714],[-92.01281,46.85694],[-92.01297,46.85689],[-92.01297,46.85689],[-92.01327,46.8569],[-92.01353,46.85697],[-92.01364,46.85699],[-92.01368,46.85701],[-92.01399,46.85706],[-92.014,46.85706],[-92.01419,46.857],[-92.01434,46.85693],[-92.0144,46.85686],[-92.01439,46.85673],[-92.01433,46.85657],[-92.01427,46.85652],[-92.01423,46.8564],[-92.01421,46.85627],[-92.01413,46.85613],[-92.01389,46.8559],[-92.0136,46.85571],[-92.01332,46.85548],[-92.01309,46.85523],[-92.01305,46.85515],[-92.01296,46.85478],[-92.01286,46.85456],[-92.01284,46.85441],[-92.01279,46.85433],[-92.01271,46.85427],[-92.01256,46.85422],[-92.0123,46.8542],[-92.0123,46.8542],[-92.01208,46.85421],[-92.01208,46.85421],[-92.01187,46.85416],[-92.0115,46.85397],[-92.01139,46.85388],[-92.01137,46.85384],[-92.01133,46.85365],[-92.0115,46.85317],[-92.01153,46.85305],[-92.01154,46.85285],[-92.01147,46.85251],[-92.01136,46.85238],[-92.01135,46.85234],[-92.01138,46.85225],[-92.01153,46.85205],[-92.01154,46.85193],[-92.01149,46.85183],[-92.01139,46.85173],[-92.01129,46.8517],[-92.01107,46.85169],[-92.01102,46.85167],[-92.01089,46.85158],[-92.0109,46.85154],[-92.01094,46.85142],[-92.01106,46.85133],[-92.01118,46.85116],[-92.01131,46.85104],[-92.0114,46.85083],[-92.01148,46.85078],[-92.01177,46.85063],[-92.01187,46.85049],[-92.01183,46.85034],[-92.01176,46.8502],[-92.01168,46.85008],[-92.01155,46.84996],[-92.01154,46.84992],[-92.01137,46.84968],[-92.01121,46.84952],[-92.01113,46.84942],[-92.01112,46.84934],[-92.01115,46.84926],[-92.01122,46.8492],[-92.0113,46.84915],[-92.01145,46.8491],[-92.01184,46.84892],[-92.01193,46.84885],[-92.01199,46.84877],[-92.01206,46.8486],[-92.01204,46.84835],[-92.01199,46.84826],[-92.01181,46.84817],[-92.01173,46.84812],[-92.01153,46.84803],[-92.01129,46.84802],[-92.01129,46.84802],[-92.01113,46.84805],[-92.01103,46.84809],[-92.01086,46.84824],[-92.01084,46.84824],[-92.01074,46.84824],[-92.01065,46.8482],[-92.01058,46.84809],[-92.01047,46.84779],[-92.01037,46.84765],[-92.01018,46.84723],[-92.01,46.84692],[-92.00993,46.84678],[-92.00991,46.84667],[-92.00995,46.84654],[-92.01013,46.84634],[-92.01039,46.84611],[-92.01057,46.84591],[-92.01103,46.84548],[-92.01104,46.8454],[-92.01097,46.84525],[-92.01096,46.84505],[-92.01088,46.84495],[-92.01073,46.84483],[-92.01061,46.8447],[-92.01053,46.84443],[-92.01039,46.84426],[-92.01028,46.84417],[-92.01003,46.84401],[-92.00972,46.84373],[-92.0095,46.84361],[-92.00933,46.84346],[-92.00939,46.84325],[-92.00944,46.84318],[-92.00946,46.84299],[-92.00962,46.84257],[-92.00973,46.84217],[-92.00972,46.8419],[-92.00968,46.8418],[-92.0096,46.84174],[-92.00939,46.84146],[-92.00928,46.84117],[-92.00904,46.84077],[-92.00893,46.84064],[-92.00888,46.84058],[-92.00864,46.8404],[-92.00831,46.84022],[-92.0081,46.84017],[-92.00781,46.84005],[-92.00762,46.8399],[-92.00761,46.83978],[-92.00733,46.83944],[-92.00708,46.83924],[-92.00696,46.83891],[-92.00702,46.83881],[-92.00703,46.83874],[-92.00682,46.83834],[-92.00677,46.83819],[-92.00647,46.83812],[-92.00643,46.83809],[-92.00638,46.838],[-92.00637,46.838],[-92.00616,46.838],[-92.00599,46.83797],[-92.00595,46.83795],[-92.00594,46.83791],[-92.00596,46.83783],[-92.00608,46.83766],[-92.00623,46.8375],[-92.00657,46.83723],[-92.00664,46.83709],[-92.0066,46.8369],[-92.00621,46.83661],[-92.0062,46.83661],[-92.00616,46.83659],[-92.0061,46.83657],[-92.00608,46.83626],[-92.006,46.83639],[-92.00594,46.83645],[-92.00585,46.83651],[-92.00584,46.83656],[-92.00588,46.8366],[-92.00618,46.83683],[-92.00624,46.83689],[-92.00627,46.83697],[-92.0062,46.83719],[-92.00614,46.8373],[-92.00596,46.83756],[-92.00569,46.83791],[-92.00568,46.83798],[-92.0057,46.83805],[-92.0058,46.83814],[-92.00591,46.83817],[-92.00607,46.8382],[-92.00633,46.83822],[-92.00648,46.83826],[-92.00659,46.83835],[-92.00661,46.83844],[-92.00669,46.8385],[-92.00675,46.8386],[-92.00675,46.83871],[-92.00654,46.83916],[-92.0065,46.83931],[-92.00652,46.83978],[-92.0065,46.83992],[-92.00633,46.84026],[-92.00626,46.84056],[-92.00625,46.84061],[-92.00622,46.84083],[-92.00606,46.84135],[-92.006,46.84147],[-92.00588,46.84161],[-92.0058,46.84166],[-92.00569,46.84186],[-92.00558,46.84196],[-92.00532,46.84215],[-92.00486,46.84242],[-92.0047,46.84253],[-92.00459,46.84263],[-92.00444,46.84283],[-92.00422,46.84319],[-92.00408,46.84359],[-92.00404,46.84382],[-92.00398,46.84392],[-92.00378,46.84407],[-92.00371,46.84417],[-92.00357,46.8445],[-92.00348,46.8448],[-92.00329,46.84518],[-92.00333,46.84526],[-92.00345,46.84534],[-92.00351,46.84541],[-92.00355,46.84549],[-92.00355,46.84553],[-92.00347,46.84573],[-92.0035,46.84585],[-92.00345,46.84603],[-92.00323,46.84622],[-92.00314,46.84632],[-92.00315,46.84643],[-92.00324,46.84653],[-92.00327,46.84664],[-92.00325,46.84675],[-92.00317,46.84693],[-92.00313,46.84707],[-92.00317,46.84722],[-92.00332,46.84734],[-92.00347,46.84739],[-92.00348,46.84739],[-92.00379,46.84735],[-92.0038,46.84735],[-92.0039,46.84737],[-92.00395,46.84739],[-92.00406,46.84753],[-92.00419,46.84762],[-92.00427,46.8477],[-92.0044,46.84788],[-92.00453,46.84815],[-92.00458,46.84821],[-92.00474,46.84855],[-92.00485,46.84864],[-92.00527,46.84889],[-92.00545,46.84908],[-92.00556,46.84934],[-92.00558,46.84945],[-92.00556,46.84956],[-92.00549,46.84969],[-92.00529,46.84985],[-92.00527,46.84992],[-92.00528,46.84996],[-92.00535,46.85001],[-92.00568,46.85014],[-92.00589,46.8502],[-92.00598,46.85024],[-92.00609,46.85033],[-92.00615,46.85044],[-92.0062,46.85059],[-92.0062,46.8507],[-92.00618,46.8509],[-92.00609,46.85145],[-92.00611,46.85182],[-92.00609,46.85197],[-92.00598,46.85211],[-92.0056,46.85228],[-92.00549,46.85237],[-92.00532,46.85262],[-92.00531,46.85273],[-92.00533,46.85288],[-92.00541,46.85306],[-92.00548,46.85317],[-92.00573,46.85341],[-92.0058,46.85351],[-92.006,46.85396],[-92.00601,46.85407],[-92.00596,46.85418],[-92.00571,46.85427],[-92.00559,46.85436],[-92.00535,46.8547],[-92.00527,46.85476],[-92.00499,46.85488],[-92.00467,46.85497],[-92.0041,46.85505],[-92.00384,46.85511],[-92.00365,46.85518],[-92.00336,46.85533],[-92.00315,46.85539],[-92.00186,46.85556],[-92.00147,46.85565],[-92.00094,46.8559],[-92.00054,46.85597],[-92.00022,46.856],[-92.00013,46.85603],[-92.00003,46.85615],[-91.99968,46.85637],[-91.99955,46.8565],[-91.9995,46.8566],[-91.99948,46.85675],[-91.9996,46.85701],[-91.99971,46.85711],[-91.99984,46.8572],[-91.99993,46.85722],[-91.99994,46.85722],[-92.00005,46.8572],[-92.0002,46.85709],[-92.00025,46.85707],[-92.00029,46.85706],[-92.0003,46.85706],[-92.00036,46.85707],[-92.00041,46.85717],[-92.00033,46.85796],[-92.00036,46.85803],[-92.00039,46.8583],[-92.00034,46.85842],[-92.0003,46.85864],[-92.00001,46.85928],[-91.9999,46.85957],[-91.99987,46.85968],[-91.9999,46.85983],[-92.0,46.85998],[-92.00002,46.86024],[-92.00002,46.86034],[-92.00005,46.86053],[-91.99998,46.86071],[-91.99972,46.86101],[-91.99969,46.86119],[-91.99979,46.86128],[-91.99998,46.86139],[-92.00023,46.86151],[-92.00039,46.86162],[-92.0005,46.86172],[-92.00054,46.86178],[-92.00055,46.86186],[-92.0005,46.86197],[-92.00039,46.8621],[-92.00021,46.86222],[-91.99997,46.86234],[-91.99981,46.86238],[-91.9996,46.86249],[-91.99943,46.8626],[-91.99923,46.86268],[-91.99872,46.86292],[-91.99787,46.86335],[-91.9977,46.86345],[-91.9973,46.86375],[-91.99711,46.86392],[-91.99679,46.86412],[-91.99671,46.86418],[-91.99658,46.86435],[-91.99651,46.86454],[-91.99653,46.86476],[-91.99643,46.86515],[-91.99645,46.86522],[-91.99654,46.86532],[-91.99683,46.86548],[-91.99749,46.86596],[-91.99762,46.86609],[-91.99767,46.86616],[-91.99775,46.86631],[-91.99775,46.8664],[-91.99766,46.86652],[-91.99754,46.86663],[-91.99708,46.86689],[-91.99695,46.86698],[-91.99689,46.86705],[-91.99666,46.8674],[-91.99654,46.86791],[-91.99643,46.86822],[-91.99632,46.86839],[-91.99619,46.86853],[-91.99612,46.86863],[-91.99604,46.86871],[-91.99576,46.86888],[-91.99555,46.86898],[-91.99523,46.86908],[-91.99484,46.86916],[-91.99456,46.8692],[-91.99422,46.8693],[-91.99407,46.86936],[-91.99393,46.86944],[-91.99383,46.86953],[-91.99373,46.86954],[-91.99345,46.86953],[-91.99328,46.86955],[-91.99313,46.86961],[-91.99306,46.86966],[-91.99301,46.86978],[-91.99301,46.86993],[-91.99304,46.87004],[-91.99311,46.87016],[-91.99323,46.87025],[-91.99341,46.87034],[-91.9935,46.87043],[-91.99375,46.87089],[-91.9938,46.87101],[-91.99384,46.87123],[-91.99384,46.87145],[-91.99379,46.87159],[-91.99378,46.87174],[-91.99379,46.87235],[-91.99372,46.87252],[-91.99364,46.87264],[-91.99331,46.87288],[-91.99318,46.87298],[-91.99295,46.87309],[-91.99274,46.87324],[-91.99266,46.87334],[-91.99263,46.87353],[-91.99266,46.87368],[-91.99263,46.87369],[-91.99262,46.87372],[-91.99262,46.87373],[-91.99265,46.87372],[-91.99266,46.87372],[-91.99269,46.87382],[-91.99274,46.87393],[-91.99294,46.8742],[-91.99349,46.8748],[-91.99406,46.87532],[-91.99425,46.87551],[-91.99457,46.87569],[-91.99487,46.87578],[-91.99504,46.87579],[-91.99515,46.87581],[-91.9953,46.87587],[-91.99545,46.87601],[-91.99553,46.87615],[-91.99554,46.87631],[-91.99545,46.8765],[-91.99519,46.8767],[-91.99497,46.87682],[-91.99483,46.87693],[-91.99465,46.87712],[-91.99461,46.87719],[-91.99456,46.87735],[-91.99437,46.87767],[-91.99438,46.8778],[-91.99451,46.87794],[-91.9946,46.87798],[-91.99461,46.87798],[-91.99472,46.87798],[-91.99499,46.87793],[-91.995,46.87793],[-91.99522,46.87794],[-91.99538,46.87797],[-91.99538,46.87797],[-91.99554,46.87795],[-91.99589,46.87786],[-91.99589,46.87786],[-91.99617,46.87787],[-91.99631,46.87795],[-91.99639,46.87814],[-91.99641,46.87829],[-91.99634,46.8786],[-91.99624,46.87882],[-91.99592,46.8791],[-91.99574,46.87933],[-91.99548,46.87973],[-91.99544,46.87987],[-91.99531,46.88016],[-91.99533,46.88047],[-91.99536,46.88054],[-91.99555,46.88073],[-91.99577,46.88089],[-91.99588,46.88105],[-91.99589,46.88113],[-91.99588,46.88139],[-91.99582,46.88156],[-91.99571,46.88165],[-91.99521,46.88179],[-91.99499,46.8818],[-91.99499,46.8818],[-91.99494,46.88179],[-91.99474,46.8817],[-91.9946,46.88158],[-91.9944,46.8815],[-91.99429,46.8814],[-91.99429,46.88136],[-91.99433,46.88133],[-91.99442,46.88129],[-91.99458,46.88118],[-91.99462,46.88115],[-91.99465,46.88108],[-91.99467,46.881],[-91.99458,46.88081],[-91.99444,46.88069],[-91.99434,46.88065],[-91.99433,46.88065],[-91.99407,46.88067],[-91.99406,46.88067],[-91.99386,46.88064],[-91.99367,46.88056],[-91.99352,46.88045],[-91.99342,46.88041],[-91.99341,46.88041],[-91.99336,46.88042],[-91.99298,46.88052],[-91.99267,46.88071],[-91.99261,46.88077],[-91.9925,46.88101],[-91.9925,46.88112],[-91.99253,46.8812],[-91.99252,46.88128],[-91.9925,46.88131],[-91.99232,46.88142],[-91.99216,46.88168],[-91.99213,46.88176],[-91.99211,46.88188],[-91.99212,46.88195],[-91.99222,46.88222],[-91.99232,46.8824],[-91.99234,46.88252],[-91.99244,46.88276],[-91.99243,46.88288],[-91.9924,46.88295],[-91.99211,46.88314],[-91.99186,46.88324],[-91.99151,46.88344],[-91.99114,46.8836],[-91.99059,46.88392],[-91.9904,46.88401],[-91.99022,46.88407],[-91.9902,46.88407],[-91.99016,46.88406],[-91.98999,46.88405],[-91.98969,46.88398],[-91.98968,46.88398],[-91.98952,46.88399],[-91.98935,46.88406],[-91.9887,46.88436],[-91.98855,46.8844],[-91.98854,46.8844],[-91.98836,46.88439],[-91.98836,46.88439],[-91.98822,46.88443],[-91.98808,46.8845],[-91.98804,46.88458],[-91.98799,46.88479],[-91.98799,46.8849],[-91.98803,46.88502],[-91.98813,46.88516],[-91.98817,46.88531],[-91.98815,46.88539],[-91.98809,46.8855],[-91.98794,46.88571],[-91.98789,46.88584],[-91.9879,46.88592],[-91.98795,46.88603],[-91.98815,46.88627],[-91.9883,46.88659],[-91.98842,46.88672],[-91.98869,46.88679],[-91.98893,46.88682],[-91.98893,46.88682],[-91.98926,46.88682],[-91.98964,46.88675],[-91.98974,46.88671],[-91.98986,46.88663],[-91.98991,46.88652],[-91.99013,46.88624],[-91.99031,46.88614],[-91.99052,46.8861],[-91.99053,46.8861],[-91.99092,46.88611],[-91.99107,46.88623],[-91.99107,46.88626],[-91.99114,46.88633],[-91.99121,46.88643],[-91.99132,46.88651],[-91.9914,46.88656],[-91.99154,46.88658],[-91.99155,46.88658],[-91.99173,46.88654],[-91.99188,46.88643],[-91.99192,46.88637],[-91.99192,46.88633],[-91.99181,46.8862],[-91.99179,46.88611],[-91.99185,46.88605],[-91.99191,46.88604],[-91.99195,46.88604],[-91.99196,46.88604],[-91.99206,46.88626],[-91.9922,46.88638],[-91.99242,46.88649],[-91.99252,46.88659],[-91.99253,46.88663],[-91.99246,46.88682],[-91.99241,46.88689],[-91.99226,46.88709],[-91.99209,46.88724],[-91.99205,46.88727],[-91.99179,46.88733],[-91.99172,46.88739],[-91.99148,46.88766],[-91.99117,46.88787],[-91.99103,46.88793],[-91.99057,46.88807],[-91.99033,46.88818],[-91.99021,46.88827],[-91.99017,46.88834],[-91.9902,46.88845],[-91.99013,46.88855],[-91.99002,46.88864],[-91.98973,46.88876],[-91.98967,46.88887],[-91.98967,46.88895],[-91.98969,46.889],[-91.98984,46.8892],[-91.99014,46.88937],[-91.9903,46.88941],[-91.99047,46.88943],[-91.99057,46.88946],[-91.99078,46.88958],[-91.99096,46.88971],[-91.99108,46.88983],[-91.99111,46.88991],[-91.99114,46.89014],[-91.99113,46.89031],[-91.99121,46.89071],[-91.99121,46.89082],[-91.99116,46.89097],[-91.99116,46.89111],[-91.99122,46.8915],[-91.99133,46.89172],[-91.99147,46.89193],[-91.9915,46.89201],[-91.99153,46.89236],[-91.9915,46.89293],[-91.99153,46.89321],[-91.99152,46.89328],[-91.99138,46.89363],[-91.99113,46.89407],[-91.99117,46.89414],[-91.99126,46.89418],[-91.99142,46.89428],[-91.99148,46.89434],[-91.99153,46.89449],[-91.99153,46.89462],[-91.99148,46.89472],[-91.9914,46.89479],[-91.99121,46.89484],[-91.99115,46.89484],[-91.99115,46.89484],[-91.991,46.8948],[-91.99075,46.89465],[-91.99064,46.89462],[-91.99042,46.89459],[-91.99041,46.89459],[-91.99018,46.89459],[-91.9899,46.89462],[-91.98965,46.8947],[-91.98945,46.89481],[-91.98942,46.89484],[-91.9894,46.895],[-91.98941,46.89524],[-91.98944,46.89543],[-91.98943,46.89563],[-91.98938,46.89573],[-91.98933,46.89588],[-91.98917,46.89621],[-91.98914,46.89633],[-91.989,46.89653],[-91.98896,46.89663],[-91.98897,46.89678],[-91.989,46.89687],[-91.98905,46.89694],[-91.98916,46.89703],[-91.98949,46.89716],[-91.98999,46.89733],[-91.99047,46.89741],[-91.99094,46.89742],[-91.99144,46.8975],[-91.99164,46.89757],[-91.99185,46.89762],[-91.99185,46.89762],[-91.9923,46.89762],[-91.99264,46.89759],[-91.99292,46.89755],[-91.99324,46.89747],[-91.9937,46.8973],[-91.9939,46.89716],[-91.99399,46.89707],[-91.99398,46.89692],[-91.99393,46.89685],[-91.99381,46.89677],[-91.99338,46.89659],[-91.99298,46.89623],[-91.99275,46.89597],[-91.99272,46.89589],[-91.99275,46.89578],[-91.99279,46.89575],[-91.99287,46.89569],[-91.99306,46.89561],[-91.99322,46.89561],[-91.99324,46.89561],[-91.99361,46.89569],[-91.99405,46.89592],[-91.99434,46.89609],[-91.99465,46.89635],[-91.99471,46.89646],[-91.99476,46.89667],[-91.9948,46.89718],[-91.99486,46.89737],[-91.99499,46.89753],[-91.9952,46.89766],[-91.99523,46.89774],[-91.99523,46.89785],[-91.99517,46.89796],[-91.99491,46.89819],[-91.99445,46.89849],[-91.99432,46.89863],[-91.9943,46.8987],[-91.99434,46.89882],[-91.99446,46.89889],[-91.99451,46.89891],[-91.99468,46.89893],[-91.99469,46.89893],[-91.99496,46.89891],[-91.99497,46.89891],[-91.99514,46.89893],[-91.99548,46.89907],[-91.99578,46.89914],[-91.99594,46.89914],[-91.99596,46.89914],[-91.99612,46.89911],[-91.99643,46.89895],[-91.99663,46.89882],[-91.99708,46.89848],[-91.99725,46.8983],[-91.99736,46.89803],[-91.9975,46.89785],[-91.99757,46.89779],[-91.99777,46.89773],[-91.99818,46.89767],[-91.99818,46.89767],[-91.99835,46.89768],[-91.99854,46.89775],[-91.99863,46.8978],[-91.99885,46.89784],[-91.99899,46.89793],[-91.99905,46.898],[-91.99906,46.89807],[-91.99911,46.89814],[-91.99924,46.89822],[-91.99943,46.89828],[-91.99969,46.89841],[-91.99972,46.89844],[-91.99969,46.89848],[-91.99953,46.89851],[-91.99944,46.89855],[-91.99936,46.8986],[-91.9993,46.89871],[-91.99945,46.89918],[-91.99944,46.8995],[-91.99941,46.89962],[-91.99943,46.89978],[-91.99947,46.89982],[-91.99955,46.89988],[-91.99964,46.89992],[-91.99975,46.89993],[-91.99975,46.89994],[-91.99996,46.89992],[-91.99998,46.89992],[-92.00038,46.90005],[-92.00058,46.90018],[-92.00078,46.90025],[-92.00122,46.90057],[-92.00131,46.90067],[-92.00136,46.90078],[-92.00157,46.90099],[-92.00177,46.90131],[-92.00187,46.90142],[-92.00199,46.9015],[-92.00216,46.90156],[-92.00229,46.90164],[-92.00242,46.90176],[-92.00255,46.90194],[-92.00271,46.90226],[-92.0029,46.90247],[-92.00304,46.90277],[-92.00315,46.90294],[-92.00337,46.90308],[-92.004,46.90341],[-92.00412,46.90354],[-92.00416,46.90362],[-92.00413,46.90373],[-92.00401,46.90377],[-92.004,46.90377],[-92.00396,46.90377],[-92.00376,46.90371],[-92.00375,46.90371],[-92.00351,46.90374],[-92.00324,46.90383],[-92.00315,46.90388],[-92.00304,46.90396],[-92.00287,46.90419],[-92.00266,46.90433],[-92.00259,46.90443],[-92.00254,46.90457],[-92.00254,46.90461],[-92.00266,46.90471],[-92.00274,46.90476],[-92.00294,46.90482],[-92.00327,46.90497],[-92.00363,46.90532],[-92.00369,46.90552],[-92.00367,46.90567],[-92.00357,46.9058],[-92.00352,46.90597],[-92.00348,46.906],[-92.00343,46.90601],[-92.00323,46.90604],[-92.00322,46.90604],[-92.00291,46.90598],[-92.0029,46.90598],[-92.00279,46.90599],[-92.00251,46.90608],[-92.0023,46.90619],[-92.00223,46.90625],[-92.0021,46.90641],[-92.00211,46.90654],[-92.00215,46.90665],[-92.00208,46.90677],[-92.00191,46.90693],[-92.00187,46.90716],[-92.0019,46.90724],[-92.00199,46.90734],[-92.00212,46.90741],[-92.00241,46.90751],[-92.00268,46.90765],[-92.00294,46.9078],[-92.00327,46.9079],[-92.00355,46.90797],[-92.00386,46.90801],[-92.00387,46.90801],[-92.00421,46.908],[-92.00447,46.90795],[-92.00481,46.90785],[-92.00526,46.90762],[-92.00556,46.90752],[-92.00572,46.90743],[-92.00584,46.90739],[-92.00584,46.90739],[-92.00601,46.90742],[-92.00624,46.90759],[-92.00633,46.90763],[-92.00649,46.90765],[-92.0065,46.90765],[-92.00677,46.90761],[-92.00692,46.90755],[-92.00714,46.90743],[-92.00728,46.90731],[-92.00735,46.9072],[-92.00738,46.90708],[-92.00738,46.90692],[-92.00727,46.90646],[-92.00734,46.90634],[-92.00749,46.9063],[-92.00759,46.90629],[-92.0076,46.90629],[-92.00772,46.9064],[-92.00777,46.90647],[-92.00793,46.90661],[-92.00818,46.90686],[-92.0087,46.90715],[-92.0088,46.90719],[-92.00898,46.90724],[-92.0094,46.90734],[-92.00941,46.90734],[-92.00956,46.90733],[-92.00979,46.90729],[-92.01008,46.90718],[-92.01023,46.90707],[-92.01037,46.9069],[-92.01047,46.90672],[-92.01067,46.90659],[-92.0108,46.90652],[-92.01084,46.90652],[-92.01086,46.90652],[-92.01095,46.90656],[-92.01104,46.90666],[-92.0111,46.9067],[-92.01134,46.90677],[-92.01144,46.90677],[-92.01146,46.90677],[-92.01157,46.90675],[-92.01177,46.90666],[-92.01211,46.90646],[-92.01221,46.90642],[-92.01231,46.90642],[-92.01232,46.90642],[-92.01242,46.90645],[-92.01253,46.90646],[-92.01254,46.90646],[-92.01271,46.90643],[-92.01279,46.90638],[-92.01292,46.90637],[-92.01294,46.90637],[-92.01301,46.90639],[-92.01315,46.90638],[-92.01334,46.90631],[-92.01376,46.906],[-92.01391,46.90581],[-92.01397,46.9058],[-92.01408,46.90583],[-92.01421,46.90584],[-92.01434,46.90578],[-92.01442,46.90571],[-92.01448,46.90565],[-92.01452,46.90551],[-92.01459,46.90541],[-92.01468,46.90511],[-92.01467,46.90499],[-92.0146,46.90485],[-92.0146,46.90477],[-92.01463,46.90474],[-92.01472,46.9047],[-92.01494,46.90467],[-92.015,46.90467],[-92.01503,46.9047],[-92.01519,46.90474],[-92.0153,46.90473],[-92.01534,46.9047],[-92.0154,46.90462],[-92.01541,46.90454],[-92.0154,46.9045],[-92.01535,46.90448],[-92.0152,46.90444],[-92.01516,46.90441],[-92.01511,46.90434],[-92.01509,46.90431],[-92.01511,46.90427],[-92.01529,46.9042],[-92.01573,46.90417],[-92.01578,46.90418],[-92.01593,46.90428],[-92.01604,46.9043],[-92.01625,46.90426],[-92.01633,46.9042],[-92.0164,46.9041],[-92.01666,46.90405],[-92.01677,46.90405],[-92.0169,46.9041],[-92.01701,46.90418],[-92.01716,46.90423],[-92.01741,46.90425],[-92.01762,46.9042],[-92.01775,46.90403],[-92.01792,46.90401],[-92.01793,46.90401],[-92.01802,46.904],[-92.01814,46.90392],[-92.01825,46.90373],[-92.01829,46.9037],[-92.01838,46.90367],[-92.01854,46.90356],[-92.0186,46.90346],[-92.01871,46.90338],[-92.01892,46.90333],[-92.01914,46.90332],[-92.01919,46.9033],[-92.01919,46.9033],[-92.01923,46.9033],[-92.01925,46.9033],[-92.01934,46.90328],[-92.01972,46.90327],[-92.01973,46.90327],[-92.01984,46.90328],[-92.02018,46.90336],[-92.02068,46.90352],[-92.02098,46.90359],[-92.02138,46.90366],[-92.02169,46.90374],[-92.02217,46.90393],[-92.02234,46.90403],[-92.02245,46.90404],[-92.02274,46.90414],[-92.02289,46.90426],[-92.02312,46.90438],[-92.02359,46.90447],[-92.02399,46.90465],[-92.0243,46.90475],[-92.02434,46.90482],[-92.02436,46.90498],[-92.02434,46.9051],[-92.02442,46.90515],[-92.02469,46.90517],[-92.02471,46.90517],[-92.0248,46.90514],[-92.02496,46.90503],[-92.02506,46.905],[-92.02522,46.905],[-92.02523,46.905],[-92.02533,46.90504],[-92.0256,46.90518],[-92.02563,46.90521],[-92.02574,46.9054],[-92.02586,46.90548],[-92.02589,46.90559],[-92.02579,46.90572],[-92.02571,46.90601],[-92.02557,46.90624],[-92.02551,46.90631],[-92.02525,46.90654],[-92.02499,46.90671],[-92.02484,46.90677],[-92.02453,46.90684],[-92.02426,46.90688],[-92.02426,46.90687],[-92.02405,46.90679],[-92.02399,46.90672],[-92.02378,46.90666],[-92.0235,46.90665],[-92.0235,46.90665],[-92.02338,46.90667],[-92.02324,46.90672],[-92.02318,46.90687],[-92.02278,46.90698],[-92.02282,46.90719],[-92.02279,46.90726],[-92.02275,46.90729],[-92.02264,46.9073],[-92.02242,46.90731],[-92.02237,46.90733],[-92.02223,46.9074],[-92.0222,46.90747],[-92.02228,46.90761],[-92.02242,46.90772],[-92.02257,46.90778],[-92.02277,46.90791],[-92.02298,46.90811],[-92.02312,46.90828],[-92.02369,46.90918],[-92.02371,46.90933],[-92.02367,46.90936],[-92.02322,46.90954],[-92.02311,46.90955],[-92.02307,46.90957],[-92.02302,46.90964],[-92.02307,46.90978],[-92.02306,46.91003],[-92.02301,46.91022],[-92.02294,46.91041],[-92.02299,46.91052],[-92.02307,46.91057],[-92.02321,46.91062],[-92.02334,46.9107],[-92.02344,46.91084],[-92.02348,46.91098],[-92.02348,46.91114],[-92.02355,46.91134],[-92.02363,46.91149],[-92.02371,46.91157],[-92.0238,46.9117],[-92.02386,46.91184],[-92.02387,46.91197],[-92.0238,46.91212],[-92.02379,46.9122],[-92.02385,46.9123],[-92.02397,46.91237],[-92.02418,46.91241],[-92.02419,46.91241],[-92.02431,46.9124],[-92.02432,46.9124],[-92.02447,46.91241],[-92.02449,46.91242],[-92.02468,46.91235],[-92.02469,46.91235],[-92.02474,46.91237],[-92.02479,46.91243],[-92.0248,46.9125],[-92.02471,46.91255],[-92.02466,46.91262],[-92.02467,46.91266],[-92.0248,46.91283],[-92.02494,46.91288],[-92.02494,46.91288],[-92.02522,46.91287],[-92.02523,46.91287],[-92.02532,46.91292],[-92.02536,46.91292],[-92.02538,46.91292],[-92.02554,46.91288],[-92.02565,46.9128],[-92.0257,46.91278],[-92.0257,46.91278],[-92.02585,46.91281],[-92.02593,46.91286],[-92.02597,46.91286],[-92.02599,46.91286],[-92.0261,46.91279],[-92.0261,46.91279],[-92.02617,46.91281],[-92.02637,46.91295],[-92.02652,46.91299],[-92.02671,46.91309],[-92.02695,46.91331],[-92.02706,46.91358],[-92.02705,46.91367],[-92.02703,46.91374],[-92.0268,46.91405],[-92.02672,46.91446],[-92.02677,46.91457],[-92.02684,46.91463],[-92.02695,46.91466],[-92.027,46.91472],[-92.02703,46.91483],[-92.02702,46.91495],[-92.02683,46.91526],[-92.02682,46.91541],[-92.02673,46.91558],[-92.02666,46.91576],[-92.02661,46.91595],[-92.02661,46.91607],[-92.02655,46.91639],[-92.02655,46.91651],[-92.02658,46.91659],[-92.02667,46.91673],[-92.02701,46.91701],[-92.02763,46.91723],[-92.02795,46.9173],[-92.02865,46.91751],[-92.02888,46.91755],[-92.02941,46.9176],[-92.02956,46.9176],[-92.02958,46.9176],[-92.0298,46.91756],[-92.02981,46.91756],[-92.02992,46.91759],[-92.03007,46.91761],[-92.03007,46.91761],[-92.03013,46.91761],[-92.03049,46.91745],[-92.03065,46.91745],[-92.03066,46.91745],[-92.03077,46.91747],[-92.03082,46.91753],[-92.03102,46.91762],[-92.03114,46.91765],[-92.0314,46.91766],[-92.03166,46.91773],[-92.03185,46.91781],[-92.03213,46.91787],[-92.03213,46.91787],[-92.0324,46.91784],[-92.03273,46.91769],[-92.03288,46.91763],[-92.03308,46.91752],[-92.03334,46.91727],[-92.0335,46.91725],[-92.0335,46.91725],[-92.03366,46.91727],[-92.03381,46.91733],[-92.03388,46.91738],[-92.03394,46.91745],[-92.03408,46.91778],[-92.0342,46.91795],[-92.03458,46.91821],[-92.03489,46.91839],[-92.03499,46.91848],[-92.03511,46.91865],[-92.03525,46.91878],[-92.03542,46.91889],[-92.03557,46.91895],[-92.03598,46.91904],[-92.03598,46.91904],[-92.03624,46.91903],[-92.03645,46.91898],[-92.03662,46.91888],[-92.03673,46.91884],[-92.03684,46.91884],[-92.03685,46.91884],[-92.03718,46.91888],[-92.03723,46.91889],[-92.03741,46.91904],[-92.03771,46.91921],[-92.03785,46.91933],[-92.03798,46.9194],[-92.03802,46.91947],[-92.03812,46.9197],[-92.03824,46.91978],[-92.03834,46.9198],[-92.03834,46.91981],[-92.03845,46.91979],[-92.03863,46.91972],[-92.03864,46.91971],[-92.03878,46.91975],[-92.03884,46.91981],[-92.03894,46.91986],[-92.03928,46.91992],[-92.03928,46.91992],[-92.03956,46.91992],[-92.03973,46.9199],[-92.04,46.91984],[-92.04035,46.91974],[-92.04045,46.91969],[-92.04058,46.91956],[-92.04067,46.91951],[-92.04084,46.91948],[-92.04107,46.91941],[-92.04107,46.91941],[-92.04129,46.91941],[-92.04142,46.91949],[-92.04146,46.91956],[-92.04146,46.91967],[-92.04131,46.91983],[-92.0414,46.91997],[-92.04147,46.92005],[-92.04163,46.92017],[-92.04172,46.92021],[-92.04191,46.92026],[-92.04191,46.92026],[-92.04207,46.92024],[-92.04237,46.92007],[-92.04252,46.91996],[-92.04259,46.91981],[-92.04262,46.91978],[-92.04267,46.91976],[-92.04267,46.91976],[-92.04283,46.91977],[-92.04284,46.91977],[-92.04301,46.91976],[-92.04317,46.91971],[-92.04322,46.9197],[-92.04323,46.9197],[-92.04328,46.91971],[-92.04335,46.91977],[-92.04336,46.91981],[-92.04333,46.91998],[-92.04322,46.92013],[-92.0432,46.92021],[-92.04323,46.92032],[-92.04345,46.92051],[-92.04392,46.92078],[-92.04396,46.92085],[-92.04397,46.92098],[-92.04403,46.92108],[-92.04418,46.92117],[-92.04435,46.9212],[-92.04458,46.92129],[-92.04459,46.9213],[-92.04464,46.92128],[-92.04472,46.92123],[-92.04491,46.92095],[-92.04492,46.92088],[-92.04491,46.9208],[-92.04493,46.92076],[-92.04502,46.92072],[-92.04516,46.92061],[-92.04524,46.92043],[-92.04531,46.92038],[-92.04541,46.92035],[-92.04545,46.92035],[-92.04547,46.92035],[-92.04563,46.92039],[-92.04613,46.92062],[-92.04653,46.92094],[-92.04665,46.92108],[-92.04664,46.92128],[-92.04667,46.9214],[-92.04672,46.92148],[-92.04685,46.92156],[-92.0471,46.92164],[-92.04721,46.92165],[-92.04737,46.92165],[-92.04738,46.92165],[-92.04755,46.92167],[-92.04755,46.92167],[-92.04792,46.92167],[-92.04793,46.92167],[-92.04846,46.9217],[-92.04846,46.92171],[-92.0486,46.9217],[-92.04862,46.9217],[-92.04878,46.92174],[-92.049,46.92176],[-92.04907,46.92181],[-92.04913,46.92192],[-92.04912,46.922],[-92.04904,46.92218],[-92.04907,46.92225],[-92.04953,46.92257],[-92.05002,46.92274],[-92.05002,46.92274],[-92.05025,46.92273],[-92.05043,46.9227],[-92.05078,46.92257],[-92.05097,46.92248],[-92.05126,46.9223],[-92.05138,46.92218],[-92.05147,46.92213],[-92.05156,46.92208],[-92.05172,46.92205],[-92.0519,46.92199],[-92.05201,46.92189],[-92.05205,46.92182],[-92.05217,46.92175],[-92.05221,46.9217],[-92.05226,46.92156],[-92.05243,46.92145],[-92.05251,46.92141],[-92.05252,46.92141],[-92.05273,46.92145],[-92.05288,46.92151],[-92.05301,46.92153],[-92.05301,46.92153],[-92.0533,46.92153],[-92.05373,46.92148],[-92.05382,46.92148],[-92.05384,46.92148],[-92.0542,46.92153],[-92.0543,46.92157],[-92.05438,46.92163],[-92.05448,46.92176],[-92.05451,46.92188],[-92.05419,46.9226],[-92.05397,46.92295],[-92.05384,46.9233],[-92.05384,46.92342],[-92.05389,46.92355],[-92.05408,46.9237],[-92.05416,46.92379],[-92.05435,46.92413],[-92.05444,46.92437],[-92.05446,46.92452],[-92.0545,46.92464],[-92.05463,46.9248],[-92.05482,46.92493],[-92.05487,46.92494],[-92.05499,46.92493],[-92.05513,46.92487],[-92.05518,46.92487],[-92.05526,46.92496],[-92.05529,46.92505],[-92.0552,46.92514],[-92.05514,46.92537],[-92.0552,46.92545],[-92.05527,46.92551],[-92.05538,46.92564],[-92.05543,46.92565],[-92.05544,46.92565],[-92.0556,46.92562],[-92.05585,46.92553],[-92.05589,46.92553],[-92.05591,46.92553],[-92.05599,46.92558],[-92.05613,46.92572],[-92.05618,46.92577],[-92.05639,46.92581],[-92.05647,46.92586],[-92.0567,46.92605],[-92.05691,46.92624],[-92.05713,46.92637],[-92.05724,46.9264],[-92.05733,46.9264],[-92.05735,46.9264],[-92.05747,46.92637],[-92.05755,46.92635],[-92.05756,46.92635],[-92.05758,46.92636],[-92.05766,46.92639],[-92.05776,46.92651],[-92.05778,46.92668],[-92.05779,46.92674],[-92.05782,46.92682],[-92.05801,46.92705],[-92.05809,46.92711],[-92.05815,46.92714],[-92.05831,46.92715],[-92.05852,46.92709],[-92.05864,46.92709],[-92.0588,46.92711],[-92.05893,46.92715],[-92.05933,46.92723],[-92.05942,46.92731],[-92.05969,46.92745],[-92.05985,46.92755],[-92.06016,46.92779],[-92.06028,46.92789],[-92.06041,46.92802],[-92.06055,46.92821],[-92.06071,46.9285],[-92.06085,46.92867],[-92.06095,46.92889],[-92.06101,46.92895],[-92.06106,46.92897],[-92.06124,46.92898],[-92.06125,46.92898],[-92.06168,46.92881],[-92.06179,46.92879],[-92.06196,46.92878],[-92.06197,46.92878],[-92.0622,46.92888],[-92.06242,46.92912],[-92.06259,46.92936],[-92.06271,46.92947],[-92.06291,46.92949],[-92.06305,46.92954],[-92.06354,46.92956],[-92.06375,46.92962],[-92.06418,46.92979],[-92.06423,46.9298],[-92.06424,46.9298],[-92.0644,46.92977],[-92.0645,46.92978],[-92.06451,46.92978],[-92.06462,46.9298],[-92.06493,46.92997],[-92.06517,46.93008],[-92.06543,46.93015],[-92.06587,46.93037],[-92.06596,46.93044],[-92.06602,46.93056],[-92.06603,46.93077],[-92.06601,46.93088],[-92.06595,46.93103],[-92.06577,46.93137],[-92.06577,46.93139],[-92.06574,46.93154],[-92.06582,46.93158],[-92.06627,46.93166],[-92.06659,46.93176],[-92.06702,46.9319],[-92.06721,46.93208],[-92.06758,46.93243],[-92.06791,46.93264],[-92.06797,46.9327],[-92.06809,46.93273],[-92.0681,46.93273],[-92.06829,46.93271],[-92.0683,46.93271],[-92.06846,46.93273],[-92.06847,46.93273],[-92.06852,46.93272],[-92.06863,46.93263],[-92.06867,46.93251],[-92.06872,46.93243],[-92.06881,46.93238],[-92.06891,46.93235],[-92.06907,46.93236],[-92.06909,46.93236],[-92.06924,46.93231],[-92.06935,46.9323],[-92.06935,46.9323],[-92.06951,46.93231],[-92.06994,46.93239],[-92.07036,46.93258],[-92.07079,46.93267],[-92.07093,46.93279],[-92.07105,46.93285],[-92.07113,46.93298],[-92.07123,46.93307],[-92.07125,46.93323],[-92.0713,46.93334],[-92.07155,46.93359],[-92.07163,46.93364],[-92.07164,46.93364],[-92.07179,46.93369],[-92.07213,46.93372],[-92.07232,46.93379],[-92.07241,46.93384],[-92.07252,46.93397],[-92.07264,46.93403],[-92.07268,46.93407],[-92.0729,46.93412],[-92.07297,46.93417],[-92.07311,46.93423],[-92.07311,46.93423],[-92.07328,46.93422],[-92.07336,46.93419],[-92.07351,46.93407],[-92.0736,46.93403],[-92.0736,46.93403],[-92.07371,46.93403],[-92.07381,46.93407],[-92.07385,46.93409],[-92.07392,46.9342],[-92.07394,46.93432],[-92.07391,46.93444],[-92.07399,46.93476],[-92.07414,46.93496],[-92.07421,46.9351],[-92.07422,46.93519],[-92.07415,46.93538],[-92.07411,46.9355],[-92.07411,46.93558],[-92.07423,46.93565],[-92.07425,46.93573],[-92.07421,46.9358],[-92.07416,46.93585],[-92.07412,46.93593],[-92.07414,46.93597],[-92.07457,46.93635],[-92.07466,46.93644],[-92.07468,46.93659],[-92.07466,46.93696],[-92.07457,46.93706],[-92.07427,46.93717],[-92.07414,46.93724],[-92.07403,46.93732],[-92.07388,46.9375],[-92.07378,46.93773],[-92.07372,46.93833],[-92.07378,46.93845],[-92.07378,46.93856],[-92.07374,46.93862],[-92.07374,46.93866],[-92.07379,46.93869],[-92.0738,46.93873],[-92.07373,46.93879],[-92.07371,46.93886],[-92.07378,46.93897],[-92.07398,46.93909],[-92.07403,46.9391],[-92.07404,46.9391],[-92.07409,46.93909],[-92.07418,46.93904],[-92.07437,46.9389],[-92.07441,46.93889],[-92.07442,46.93889],[-92.07446,46.93892],[-92.07462,46.93899],[-92.07466,46.93902],[-92.07468,46.93909],[-92.07479,46.93924],[-92.07488,46.93925],[-92.0751,46.93914],[-92.07515,46.93916],[-92.07532,46.93939],[-92.07533,46.93945],[-92.0752,46.93962],[-92.07512,46.93981],[-92.07512,46.93989],[-92.07516,46.93994],[-92.07532,46.94005],[-92.07537,46.94013],[-92.07537,46.9402],[-92.07532,46.94032],[-92.07532,46.94035],[-92.07534,46.94039],[-92.07558,46.94058],[-92.07568,46.94067],[-92.07578,46.9407],[-92.07594,46.94072],[-92.07595,46.94072],[-92.07611,46.94071],[-92.07612,46.94071],[-92.07618,46.94072],[-92.07633,46.94079],[-92.07648,46.94081],[-92.0765,46.94081],[-92.07658,46.94077],[-92.07664,46.94065],[-92.07669,46.94064],[-92.0767,46.94064],[-92.07673,46.94067],[-92.07674,46.94075],[-92.07679,46.9408],[-92.07692,46.94088],[-92.07701,46.94101],[-92.07716,46.94112],[-92.07724,46.94116],[-92.07733,46.94117],[-92.07734,46.94117],[-92.07744,46.94115],[-92.07744,46.94115],[-92.07755,46.94117],[-92.0776,46.94119],[-92.07756,46.94126],[-92.07758,46.9413],[-92.07793,46.94141],[-92.07799,46.94148],[-92.07808,46.94153],[-92.07844,46.94171],[-92.07854,46.94175],[-92.07871,46.94178],[-92.07881,46.9418],[-92.07886,46.94179],[-92.07903,46.94162],[-92.07914,46.94161],[-92.07945,46.94177],[-92.0796,46.94181],[-92.07976,46.94192],[-92.07991,46.94196],[-92.08006,46.94193],[-92.08013,46.9419],[-92.08021,46.94179],[-92.08025,46.94177],[-92.0803,46.94178],[-92.08047,46.94175],[-92.08058,46.94176],[-92.08066,46.94182],[-92.08068,46.94185],[-92.08058,46.94215],[-92.08055,46.94229],[-92.08055,46.94233],[-92.08059,46.94236],[-92.08063,46.94238],[-92.08077,46.94251],[-92.08093,46.94261],[-92.08134,46.94285],[-92.08141,46.9429],[-92.08152,46.94304],[-92.08176,46.94324],[-92.08178,46.94332],[-92.08176,46.94347],[-92.08193,46.94361],[-92.08202,46.94364],[-92.08203,46.94365],[-92.08215,46.94357],[-92.08219,46.94357],[-92.08221,46.94357],[-92.08226,46.94359],[-92.08236,46.94368],[-92.08251,46.94388],[-92.08288,46.94422],[-92.08317,46.94443],[-92.08325,46.94447],[-92.08334,46.9445],[-92.08346,46.94448],[-92.08353,46.94442],[-92.08363,46.94438],[-92.08385,46.94437],[-92.08396,46.94438],[-92.08435,46.94468],[-92.08456,46.94475],[-92.08467,46.94476],[-92.08498,46.94469],[-92.08513,46.94468],[-92.08524,46.94469],[-92.0853,46.94468],[-92.08538,46.94459],[-92.0854,46.94451],[-92.08551,46.94443],[-92.08559,46.94434],[-92.08575,46.94437],[-92.08599,46.94453],[-92.08628,46.94463],[-92.08635,46.94469],[-92.08634,46.9448],[-92.08636,46.94488],[-92.08642,46.94495],[-92.0866,46.94499],[-92.08663,46.94495],[-92.08669,46.94496],[-92.08676,46.94507],[-92.08687,46.94518],[-92.08689,46.94526],[-92.08677,46.94547],[-92.08676,46.94555],[-92.08687,46.94572],[-92.08686,46.9458],[-92.08682,46.94582],[-92.08665,46.94583],[-92.08655,46.94585],[-92.0865,46.94587],[-92.08644,46.94593],[-92.08644,46.946],[-92.08662,46.94614],[-92.08665,46.94625],[-92.08676,46.94626],[-92.08686,46.94623],[-92.08694,46.94618],[-92.08708,46.94613],[-92.08714,46.94614],[-92.08717,46.94617],[-92.08725,46.94631],[-92.08743,46.94637],[-92.08777,46.94638],[-92.08782,46.94637],[-92.08797,46.9463],[-92.08826,46.94629],[-92.08831,46.94631],[-92.08849,46.9465],[-92.08846,46.94653],[-92.08829,46.94653],[-92.08815,46.94657],[-92.08813,46.94661],[-92.08815,46.94665],[-92.08819,46.94667],[-92.0882,46.94671],[-92.08811,46.94684],[-92.08808,46.94692],[-92.08805,46.94703],[-92.08809,46.9471],[-92.08817,46.94716],[-92.08828,46.94717],[-92.08837,46.94713],[-92.08839,46.94705],[-92.08843,46.94703],[-92.08849,46.94702],[-92.08869,46.9471],[-92.08878,46.9472],[-92.08884,46.94721],[-92.089,46.94719],[-92.08906,46.94721],[-92.08919,46.9473],[-92.0892,46.94737],[-92.0891,46.94751],[-92.08908,46.94759],[-92.08914,46.94765],[-92.0893,46.94769],[-92.0896,46.94773],[-92.08971,46.94771],[-92.08993,46.94759],[-92.09013,46.94741],[-92.09017,46.94738],[-92.09026,46.94738],[-92.09028,46.94737],[-92.09038,46.94737],[-92.0904,46.94737],[-92.0905,46.94739],[-92.09066,46.94747],[-92.09087,46.94783],[-92.09116,46.94819],[-92.0912,46.94828],[-92.09124,46.94836],[-92.09123,46.94846],[-92.09128,46.94858],[-92.09132,46.9486],[-92.09141,46.94857],[-92.09158,46.94835],[-92.09163,46.94834],[-92.09168,46.94835],[-92.09171,46.94839],[-92.09172,46.94856],[-92.09174,46.94859],[-92.09179,46.94861],[-92.09184,46.94862],[-92.09194,46.94858],[-92.092,46.94858],[-92.09205,46.9486],[-92.09206,46.94863],[-92.09197,46.94874],[-92.09195,46.94881],[-92.09196,46.94885],[-92.09202,46.9489],[-92.09208,46.94891],[-92.09217,46.94887],[-92.09238,46.94875],[-92.09244,46.94875],[-92.09249,46.94878],[-92.09251,46.94881],[-92.09249,46.94892],[-92.09246,46.94896],[-92.09228,46.94905],[-92.09224,46.94909],[-92.09223,46.94937],[-92.09225,46.94944],[-92.09232,46.94948],[-92.09237,46.94948],[-92.09242,46.94948],[-92.0925,46.94942],[-92.09257,46.94928],[-92.0926,46.94933],[-92.09265,46.94935],[-92.09281,46.94936],[-92.09282,46.9494],[-92.09279,46.94952],[-92.09281,46.94967],[-92.09265,46.9497],[-92.0926,46.94971],[-92.09253,46.94976],[-92.09253,46.94981],[-92.09267,46.94987],[-92.0927,46.9499],[-92.0927,46.94994],[-92.09266,46.94996],[-92.0926,46.94997],[-92.09255,46.95],[-92.09254,46.95003],[-92.09263,46.95024],[-92.09263,46.95035],[-92.09269,46.95042],[-92.09279,46.95046],[-92.093,46.95047],[-92.0931,46.95051],[-92.09311,46.95054],[-92.09309,46.95062],[-92.09286,46.95072],[-92.09283,46.95079],[-92.09291,46.95083],[-92.09301,46.9509],[-92.09303,46.95097],[-92.0929,46.95108],[-92.09289,46.95111],[-92.0929,46.95119],[-92.09295,46.95125],[-92.093,46.95127],[-92.09315,46.95129],[-92.09325,46.95129],[-92.09333,46.95124],[-92.09341,46.9511],[-92.09345,46.95108],[-92.09357,46.95108],[-92.09367,46.9511],[-92.09397,46.95124],[-92.09404,46.95129],[-92.09405,46.95133],[-92.09395,46.95142],[-92.09393,46.95149],[-92.0939,46.95155],[-92.09385,46.95157],[-92.09379,46.95157],[-92.0937,46.95161],[-92.09369,46.95165],[-92.09376,46.95171],[-92.0937,46.95181],[-92.09371,46.95188],[-92.09374,46.95192],[-92.09378,46.95193],[-92.09384,46.95193],[-92.09401,46.95187],[-92.09406,46.95188],[-92.09413,46.95204],[-92.09416,46.95207],[-92.0942,46.95209],[-92.09425,46.95208],[-92.0943,46.9521],[-92.09435,46.95217],[-92.09444,46.95235],[-92.09449,46.95236],[-92.09459,46.95233],[-92.09461,46.95237],[-92.09459,46.95246],[-92.09476,46.95257],[-92.09479,46.95259],[-92.09484,46.9526],[-92.09485,46.9526],[-92.09545,46.95257],[-92.09547,46.95257],[-92.09555,46.95262],[-92.09554,46.95272],[-92.09552,46.95276],[-92.09533,46.95289],[-92.0953,46.95297],[-92.09533,46.95304],[-92.09543,46.95315],[-92.09547,46.95326],[-92.09551,46.95329],[-92.09562,46.95329],[-92.09569,46.95334],[-92.09573,46.95345],[-92.09579,46.95346],[-92.09584,46.95344],[-92.09589,46.95345],[-92.09612,46.95348],[-92.09618,46.95351],[-92.09624,46.95357],[-92.09622,46.95363],[-92.09626,46.95376],[-92.09632,46.95381],[-92.09648,46.95378],[-92.09657,46.95373],[-92.09666,46.95376],[-92.09671,46.95376],[-92.09679,46.95373],[-92.09689,46.95364],[-92.09699,46.95362],[-92.09705,46.95367],[-92.097,46.95386],[-92.09702,46.9539],[-92.09719,46.954],[-92.09724,46.954],[-92.0974,46.95394],[-92.09766,46.95404],[-92.09778,46.95411],[-92.09783,46.95413],[-92.09794,46.95411],[-92.09797,46.95413]],[[-91.99186,46.88594],[-91.99185,46.88598],[-91.99172,46.88606],[-91.99169,46.88609],[-91.99169,46.88622],[-91.99179,46.88632],[-91.99176,46.8864],[-91.99165,46.88649],[-91.99154,46.88651],[-91.99149,46.8865],[-91.99144,46.88648],[-91.99136,46.88643],[-91.99111,46.88618],[-91.99097,46.88607],[-91.99176,46.88592],[-91.99182,46.88591],[-91.99186,46.88594]],[[-92.05553,46.92528],[-92.05572,46.92536],[-92.0558,46.92543],[-92.0558,46.92546],[-92.05578,46.9255],[-92.05555,46.92555],[-92.0555,46.92557],[-92.05544,46.92557],[-92.05533,46.92543],[-92.05526,46.92537],[-92.05524,46.92533],[-92.05525,46.92526],[-92.05531,46.92515],[-92.05553,46.92528]],[[-92.0033,46.90638],[-92.00323,46.90633],[-92.0032,46.9062],[-92.00329,46.90611],[-92.00334,46.90609],[-92.00346,46.90609],[-92.00354,46.90618],[-92.00357,46.90626],[-92.00356,46.9063],[-92.0035,46.90637],[-92.00335,46.9064],[-92.0033,46.90638]],[[-92.01782,46.90387],[-92.01782,46.90378],[-92.01786,46.90371],[-92.01792,46.9037],[-92.01803,46.90373],[-92.01806,46.9038],[-92.01803,46.90387],[-92.018,46.9039],[-92.01787,46.90394],[-92.01782,46.90387]]]},"properties":{"objectid":1088358,"attribute":"R2UBH","wetland_type":"Riverine","acres":95.863342889999998,"hgm_code":"LORVTH","hgm_desc":"Lotic River Throughflow","spcc_desc":"Non-Vegetated Aquatic Community","cow_class1":"UB","circ39_class":90,"hgm_symbol":"Lotic","Shape__Area":387945.18486090982,"Shape__Length":72538.869648416978}},{"type":"Feature","id":1088163,"geometry":{"type":"Polygon","coordinates":[[[-92.00172,46.86436],[-92.00173,46.86441],[-92.00177,46.86442],[-92.00199,46.86446],[-92.00226,46.86448],[-92.00227,46.86448],[-92.0028,46.86446],[-92.00291,46.86444],[-92.00302,46.86435],[-92.00307,46.86434],[-92.00308,46.86434],[-92.00313,46.86435],[-92.0032,46.86441],[-92.00339,46.86448],[-92.00339,46.86449],[-92.00373,46.86448],[-92.0038,46.86441],[-92.00389,46.86439],[-92.0039,46.86439],[-92.00405,46.86446],[-92.00409,46.86446],[-92.0041,46.86446],[-92.00432,46.86444],[-92.00477,46.86436],[-92.00496,46.86427],[-92.00505,46.86417],[-92.00503,46.86409],[-92.00495,46.86403],[-92.00485,46.86401],[-92.00484,46.86401],[-92.00394,46.86408],[-92.00371,46.86412],[-92.00371,46.86412],[-92.00328,46.86402],[-92.00327,46.86402],[-92.00308,46.86402],[-92.00271,46.8641],[-92.0027,46.8641],[-92.00243,46.86406],[-92.00223,46.86406],[-92.00223,46.86406],[-92.00189,46.8641],[-92.00179,46.86415],[-92.00171,46.86424],[-92.0017,46.86432],[-92.00172,46.86436]]]},"properties":{"objectid":1088163,"attribute":"PUBFx","wetland_type":"Freshwater Pond","acres":2.5171633900000003,"hgm_code":"TEPDVR","hgm_desc":"Terrene Pond Vertical","spcc_desc":"Non-Vegetated Aquatic Community","cow_class1":"UB","circ39_class":4,"hgm_symbol":"Depression","Shape__Area":10186.598844361588,"Shape__Length":579.48374475904563}},{"type":"Feature","id":1088096,"geometry":{"type":"Polygon","coordinates":[[[-92.00319,46.86114],[-92.0031,46.86137],[-92.00312,46.86149],[-92.0031,46.86161],[-92.00315,46.86164],[-92.00321,46.86164],[-92.00322,46.86185],[-92.00329,46.86192],[-92.00334,46.86194],[-92.00335,46.86194],[-92.00343,46.86192],[-92.00357,46.86184],[-92.00363,46.86173],[-92.0037,46.86167],[-92.00379,46.86164],[-92.00401,46.8616],[-92.0041,46.86155],[-92.00414,46.86148],[-92.00416,46.86135],[-92.00417,46.86123],[-92.0042,46.86119],[-92.00425,46.86117],[-92.00437,46.86116],[-92.00447,46.86116],[-92.00449,46.86115],[-92.00459,46.86118],[-92.00481,46.86132],[-92.00485,46.86133],[-92.00487,46.86133],[-92.00495,46.8613],[-92.00499,46.86127],[-92.00508,46.86112],[-92.00512,46.861],[-92.00512,46.86086],[-92.00508,46.86076],[-92.005,46.86064],[-92.00491,46.86058],[-92.00476,46.86052],[-92.0046,46.86048],[-92.00459,46.86048],[-92.00441,46.86051],[-92.00441,46.8605],[-92.00442,46.8605],[-92.00415,46.86048],[-92.00415,46.86048],[-92.00401,46.86053],[-92.00383,46.86055],[-92.00382,46.86055],[-92.00358,46.86051],[-92.00357,46.86051],[-92.00345,46.86052],[-92.00331,46.86058],[-92.00327,46.86062],[-92.00331,46.86073],[-92.0034,46.86078],[-92.00342,46.8609],[-92.00339,46.86098],[-92.00326,46.86106],[-92.00319,46.86114]]]},"properties":{"objectid":1088096,"attribute":"PSS4Dq","wetland_type":"Freshwater Shrub Wetland","acres":3.6786907499999999,"hgm_code":"TEPTOU","hgm_desc":"Terrene Peatland Outflow","spcc_desc":"Open Bog","cow_class1":"SS","circ39_class":8,"hgm_symbol":"Peatland","Shape__Area":14887.133307559421,"Shape__Length":574.05298064646593}}]}